,0
0,"b'{""count"":1302,""next"":""https://pokeapi.co/api/v2/pokemon/?offset=1000&limit=302"",""previous"":null,""results"":[{""name"":""bulbasaur"",""'"
1,"b'url"":""https://pokeapi.co/api/v2/pokemon/1/""},{""name"":""ivysaur"",""url"":""https://pokeapi.co/api/v2/pokemon/2/""},{""name"":""venusaur"",'"
2,"b'""url"":""https://pokeapi.co/api/v2/pokemon/3/""},{""name"":""charmander"",""url"":""https://pokeapi.co/api/v2/pokemon/4/""},{""name"":""charme'"
3,"b'leon"",""url"":""https://pokeapi.co/api/v2/pokemon/5/""},{""name"":""charizard"",""url"":""https://pokeapi.co/api/v2/pokemon/6/""},{""name"":""s'"
4,"b'quirtle"",""url"":""https://pokeapi.co/api/v2/pokemon/7/""},{""name"":""wartortle"",""url"":""https://pokeapi.co/api/v2/pokemon/8/""},{""name""'"
5,"b':""blastoise"",""url"":""https://pokeapi.co/api/v2/pokemon/9/""},{""name"":""caterpie"",""url"":""https://pokeapi.co/api/v2/pokemon/10/""},{""n'"
6,"b'ame"":""metapod"",""url"":""https://pokeapi.co/api/v2/pokemon/11/""},{""name"":""butterfree"",""url"":""https://pokeapi.co/api/v2/pokemon/12/""'"
7,"b'},{""name"":""weedle"",""url"":""https://pokeapi.co/api/v2/pokemon/13/""},{""name"":""kakuna"",""url"":""https://pokeapi.co/api/v2/pokemon/14/""'"
8,"b'},{""name"":""beedrill"",""url"":""https://pokeapi.co/api/v2/pokemon/15/""},{""name"":""pidgey"",""url"":""https://pokeapi.co/api/v2/pokemon/16'"
9,"b'/""},{""name"":""pidgeotto"",""url"":""https://pokeapi.co/api/v2/pokemon/17/""},{""name"":""pidgeot"",""url"":""https://pokeapi.co/api/v2/pokemo'"
10,"b'n/18/""},{""name"":""rattata"",""url"":""https://pokeapi.co/api/v2/pokemon/19/""},{""name"":""raticate"",""url"":""https://pokeapi.co/api/v2/pok'"
11,"b'emon/20/""},{""name"":""spearow"",""url"":""https://pokeapi.co/api/v2/pokemon/21/""},{""name"":""fearow"",""url"":""https://pokeapi.co/api/v2/po'"
12,"b'kemon/22/""},{""name"":""ekans"",""url"":""https://pokeapi.co/api/v2/pokemon/23/""},{""name"":""arbok"",""url"":""https://pokeapi.co/api/v2/poke'"
13,"b'mon/24/""},{""name"":""pikachu"",""url"":""https://pokeapi.co/api/v2/pokemon/25/""},{""name"":""raichu"",""url"":""https://pokeapi.co/api/v2/pok'"
14,"b'emon/26/""},{""name"":""sandshrew"",""url"":""https://pokeapi.co/api/v2/pokemon/27/""},{""name"":""sandslash"",""url"":""https://pokeapi.co/api/'"
15,"b'v2/pokemon/28/""},{""name"":""nidoran-f"",""url"":""https://pokeapi.co/api/v2/pokemon/29/""},{""name"":""nidorina"",""url"":""https://pokeapi.co'"
16,"b'/api/v2/pokemon/30/""},{""name"":""nidoqueen"",""url"":""https://pokeapi.co/api/v2/pokemon/31/""},{""name"":""nidoran-m"",""url"":""https://poke'"
17,"b'api.co/api/v2/pokemon/32/""},{""name"":""nidorino"",""url"":""https://pokeapi.co/api/v2/pokemon/33/""},{""name"":""nidoking"",""url"":""https://'"
18,"b'pokeapi.co/api/v2/pokemon/34/""},{""name"":""clefairy"",""url"":""https://pokeapi.co/api/v2/pokemon/35/""},{""name"":""clefable"",""url"":""http'"
19,"b's://pokeapi.co/api/v2/pokemon/36/""},{""name"":""vulpix"",""url"":""https://pokeapi.co/api/v2/pokemon/37/""},{""name"":""ninetales"",""url"":""h'"
20,"b'ttps://pokeapi.co/api/v2/pokemon/38/""},{""name"":""jigglypuff"",""url"":""https://pokeapi.co/api/v2/pokemon/39/""},{""name"":""wigglytuff"",'"
21,"b'""url"":""https://pokeapi.co/api/v2/pokemon/40/""},{""name"":""zubat"",""url"":""https://pokeapi.co/api/v2/pokemon/41/""},{""name"":""golbat"",""'"
22,"b'url"":""https://pokeapi.co/api/v2/pokemon/42/""},{""name"":""oddish"",""url"":""https://pokeapi.co/api/v2/pokemon/43/""},{""name"":""gloom"",""u'"
23,"b'rl"":""https://pokeapi.co/api/v2/pokemon/44/""},{""name"":""vileplume"",""url"":""https://pokeapi.co/api/v2/pokemon/45/""},{""name"":""paras"",'"
24,"b'""url"":""https://pokeapi.co/api/v2/pokemon/46/""},{""name"":""parasect"",""url"":""https://pokeapi.co/api/v2/pokemon/47/""},{""name"":""venona'"
25,"b't"",""url"":""https://pokeapi.co/api/v2/pokemon/48/""},{""name"":""venomoth"",""url"":""https://pokeapi.co/api/v2/pokemon/49/""},{""name"":""dig'"
26,"b'lett"",""url"":""https://pokeapi.co/api/v2/pokemon/50/""},{""name"":""dugtrio"",""url"":""https://pokeapi.co/api/v2/pokemon/51/""},{""name"":""m'"
27,"b'eowth"",""url"":""https://pokeapi.co/api/v2/pokemon/52/""},{""name"":""persian"",""url"":""https://pokeapi.co/api/v2/pokemon/53/""},{""name"":""'"
28,"b'psyduck"",""url"":""https://pokeapi.co/api/v2/pokemon/54/""},{""name"":""golduck"",""url"":""https://pokeapi.co/api/v2/pokemon/55/""},{""name""'"
29,"b':""mankey"",""url"":""https://pokeapi.co/api/v2/pokemon/56/""},{""name"":""primeape"",""url"":""https://pokeapi.co/api/v2/pokemon/57/""},{""nam'"
30,"b'e"":""growlithe"",""url"":""https://pokeapi.co/api/v2/pokemon/58/""},{""name"":""arcanine"",""url"":""https://pokeapi.co/api/v2/pokemon/59/""},'"
31,"b'{""name"":""poliwag"",""url"":""https://pokeapi.co/api/v2/pokemon/60/""},{""name"":""poliwhirl"",""url"":""https://pokeapi.co/api/v2/pokemon/61'"
32,"b'/""},{""name"":""poliwrath"",""url"":""https://pokeapi.co/api/v2/pokemon/62/""},{""name"":""abra"",""url"":""https://pokeapi.co/api/v2/pokemon/6'"
33,"b'3/""},{""name"":""kadabra"",""url"":""https://pokeapi.co/api/v2/pokemon/64/""},{""name"":""alakazam"",""url"":""https://pokeapi.co/api/v2/pokemo'"
34,"b'n/65/""},{""name"":""machop"",""url"":""https://pokeapi.co/api/v2/pokemon/66/""},{""name"":""machoke"",""url"":""https://pokeapi.co/api/v2/pokem'"
35,"b'on/67/""},{""name"":""machamp"",""url"":""https://pokeapi.co/api/v2/pokemon/68/""},{""name"":""bellsprout"",""url"":""https://pokeapi.co/api/v2/'"
36,"b'pokemon/69/""},{""name"":""weepinbell"",""url"":""https://pokeapi.co/api/v2/pokemon/70/""},{""name"":""victreebel"",""url"":""https://pokeapi.co'"
37,"b'/api/v2/pokemon/71/""},{""name"":""tentacool"",""url"":""https://pokeapi.co/api/v2/pokemon/72/""},{""name"":""tentacruel"",""url"":""https://pok'"
38,"b'eapi.co/api/v2/pokemon/73/""},{""name"":""geodude"",""url"":""https://pokeapi.co/api/v2/pokemon/74/""},{""name"":""graveler"",""url"":""https://'"
39,"b'pokeapi.co/api/v2/pokemon/75/""},{""name"":""golem"",""url"":""https://pokeapi.co/api/v2/pokemon/76/""},{""name"":""ponyta"",""url"":""https://p'"
40,"b'okeapi.co/api/v2/pokemon/77/""},{""name"":""rapidash"",""url"":""https://pokeapi.co/api/v2/pokemon/78/""},{""name"":""slowpoke"",""url"":""https'"
41,"b'://pokeapi.co/api/v2/pokemon/79/""},{""name"":""slowbro"",""url"":""https://pokeapi.co/api/v2/pokemon/80/""},{""name"":""magnemite"",""url"":""h'"
42,"b'ttps://pokeapi.co/api/v2/pokemon/81/""},{""name"":""magneton"",""url"":""https://pokeapi.co/api/v2/pokemon/82/""},{""name"":""farfetchd"",""ur'"
43,"b'l"":""https://pokeapi.co/api/v2/pokemon/83/""},{""name"":""doduo"",""url"":""https://pokeapi.co/api/v2/pokemon/84/""},{""name"":""dodrio"",""url'"
44,"b'"":""https://pokeapi.co/api/v2/pokemon/85/""},{""name"":""seel"",""url"":""https://pokeapi.co/api/v2/pokemon/86/""},{""name"":""dewgong"",""url""'"
45,"b':""https://pokeapi.co/api/v2/pokemon/87/""},{""name"":""grimer"",""url"":""https://pokeapi.co/api/v2/pokemon/88/""},{""name"":""muk"",""url"":""h'"
46,"b'ttps://pokeapi.co/api/v2/pokemon/89/""},{""name"":""shellder"",""url"":""https://pokeapi.co/api/v2/pokemon/90/""},{""name"":""cloyster"",""url'"
47,"b'"":""https://pokeapi.co/api/v2/pokemon/91/""},{""name"":""gastly"",""url"":""https://pokeapi.co/api/v2/pokemon/92/""},{""name"":""haunter"",""ur'"
48,"b'l"":""https://pokeapi.co/api/v2/pokemon/93/""},{""name"":""gengar"",""url"":""https://pokeapi.co/api/v2/pokemon/94/""},{""name"":""onix"",""url""'"
49,"b':""https://pokeapi.co/api/v2/pokemon/95/""},{""name"":""drowzee"",""url"":""https://pokeapi.co/api/v2/pokemon/96/""},{""name"":""hypno"",""url""'"
50,"b':""https://pokeapi.co/api/v2/pokemon/97/""},{""name"":""krabby"",""url"":""https://pokeapi.co/api/v2/pokemon/98/""},{""name"":""kingler"",""url'"
51,"b'"":""https://pokeapi.co/api/v2/pokemon/99/""},{""name"":""voltorb"",""url"":""https://pokeapi.co/api/v2/pokemon/100/""},{""name"":""electrode""'"
52,"b',""url"":""https://pokeapi.co/api/v2/pokemon/101/""},{""name"":""exeggcute"",""url"":""https://pokeapi.co/api/v2/pokemon/102/""},{""name"":""ex'"
53,"b'eggutor"",""url"":""https://pokeapi.co/api/v2/pokemon/103/""},{""name"":""cubone"",""url"":""https://pokeapi.co/api/v2/pokemon/104/""},{""name'"
54,"b'"":""marowak"",""url"":""https://pokeapi.co/api/v2/pokemon/105/""},{""name"":""hitmonlee"",""url"":""https://pokeapi.co/api/v2/pokemon/106/""},'"
55,"b'{""name"":""hitmonchan"",""url"":""https://pokeapi.co/api/v2/pokemon/107/""},{""name"":""lickitung"",""url"":""https://pokeapi.co/api/v2/pokemo'"
56,"b'n/108/""},{""name"":""koffing"",""url"":""https://pokeapi.co/api/v2/pokemon/109/""},{""name"":""weezing"",""url"":""https://pokeapi.co/api/v2/po'"
57,"b'kemon/110/""},{""name"":""rhyhorn"",""url"":""https://pokeapi.co/api/v2/pokemon/111/""},{""name"":""rhydon"",""url"":""https://pokeapi.co/api/v2'"
58,"b'/pokemon/112/""},{""name"":""chansey"",""url"":""https://pokeapi.co/api/v2/pokemon/113/""},{""name"":""tangela"",""url"":""https://pokeapi.co/ap'"
59,"b'i/v2/pokemon/114/""},{""name"":""kangaskhan"",""url"":""https://pokeapi.co/api/v2/pokemon/115/""},{""name"":""horsea"",""url"":""https://pokeapi'"
60,"b'.co/api/v2/pokemon/116/""},{""name"":""seadra"",""url"":""https://pokeapi.co/api/v2/pokemon/117/""},{""name"":""goldeen"",""url"":""https://poke'"
61,"b'api.co/api/v2/pokemon/118/""},{""name"":""seaking"",""url"":""https://pokeapi.co/api/v2/pokemon/119/""},{""name"":""staryu"",""url"":""https://p'"
62,"b'okeapi.co/api/v2/pokemon/120/""},{""name"":""starmie"",""url"":""https://pokeapi.co/api/v2/pokemon/121/""},{""name"":""mr-mime"",""url"":""https'"
63,"b'://pokeapi.co/api/v2/pokemon/122/""},{""name"":""scyther"",""url"":""https://pokeapi.co/api/v2/pokemon/123/""},{""name"":""jynx"",""url"":""http'"
64,"b's://pokeapi.co/api/v2/pokemon/124/""},{""name"":""electabuzz"",""url"":""https://pokeapi.co/api/v2/pokemon/125/""},{""name"":""magmar"",""url""'"
65,"b':""https://pokeapi.co/api/v2/pokemon/126/""},{""name"":""pinsir"",""url"":""https://pokeapi.co/api/v2/pokemon/127/""},{""name"":""tauros"",""ur'"
66,"b'l"":""https://pokeapi.co/api/v2/pokemon/128/""},{""name"":""magikarp"",""url"":""https://pokeapi.co/api/v2/pokemon/129/""},{""name"":""gyarado'"
67,"b's"",""url"":""https://pokeapi.co/api/v2/pokemon/130/""},{""name"":""lapras"",""url"":""https://pokeapi.co/api/v2/pokemon/131/""},{""name"":""dit'"
68,"b'to"",""url"":""https://pokeapi.co/api/v2/pokemon/132/""},{""name"":""eevee"",""url"":""https://pokeapi.co/api/v2/pokemon/133/""},{""name"":""vap'"
69,"b'oreon"",""url"":""https://pokeapi.co/api/v2/pokemon/134/""},{""name"":""jolteon"",""url"":""https://pokeapi.co/api/v2/pokemon/135/""},{""name""'"
70,"b':""flareon"",""url"":""https://pokeapi.co/api/v2/pokemon/136/""},{""name"":""porygon"",""url"":""https://pokeapi.co/api/v2/pokemon/137/""},{""n'"
71,"b'ame"":""omanyte"",""url"":""https://pokeapi.co/api/v2/pokemon/138/""},{""name"":""omastar"",""url"":""https://pokeapi.co/api/v2/pokemon/139/""}'"
72,"b',{""name"":""kabuto"",""url"":""https://pokeapi.co/api/v2/pokemon/140/""},{""name"":""kabutops"",""url"":""https://pokeapi.co/api/v2/pokemon/14'"
73,"b'1/""},{""name"":""aerodactyl"",""url"":""https://pokeapi.co/api/v2/pokemon/142/""},{""name"":""snorlax"",""url"":""https://pokeapi.co/api/v2/pok'"
74,"b'emon/143/""},{""name"":""articuno"",""url"":""https://pokeapi.co/api/v2/pokemon/144/""},{""name"":""zapdos"",""url"":""https://pokeapi.co/api/v2'"
75,"b'/pokemon/145/""},{""name"":""moltres"",""url"":""https://pokeapi.co/api/v2/pokemon/146/""},{""name"":""dratini"",""url"":""https://pokeapi.co/ap'"
76,"b'i/v2/pokemon/147/""},{""name"":""dragonair"",""url"":""https://pokeapi.co/api/v2/pokemon/148/""},{""name"":""dragonite"",""url"":""https://pokea'"
77,"b'pi.co/api/v2/pokemon/149/""},{""name"":""mewtwo"",""url"":""https://pokeapi.co/api/v2/pokemon/150/""},{""name"":""mew"",""url"":""https://pokeap'"
78,"b'i.co/api/v2/pokemon/151/""},{""name"":""chikorita"",""url"":""https://pokeapi.co/api/v2/pokemon/152/""},{""name"":""bayleef"",""url"":""https://'"
79,"b'pokeapi.co/api/v2/pokemon/153/""},{""name"":""meganium"",""url"":""https://pokeapi.co/api/v2/pokemon/154/""},{""name"":""cyndaquil"",""url"":""h'"
80,"b'ttps://pokeapi.co/api/v2/pokemon/155/""},{""name"":""quilava"",""url"":""https://pokeapi.co/api/v2/pokemon/156/""},{""name"":""typhlosion"",""'"
81,"b'url"":""https://pokeapi.co/api/v2/pokemon/157/""},{""name"":""totodile"",""url"":""https://pokeapi.co/api/v2/pokemon/158/""},{""name"":""croco'"
82,"b'naw"",""url"":""https://pokeapi.co/api/v2/pokemon/159/""},{""name"":""feraligatr"",""url"":""https://pokeapi.co/api/v2/pokemon/160/""},{""name'"
83,"b'"":""sentret"",""url"":""https://pokeapi.co/api/v2/pokemon/161/""},{""name"":""furret"",""url"":""https://pokeapi.co/api/v2/pokemon/162/""},{""n'"
84,"b'ame"":""hoothoot"",""url"":""https://pokeapi.co/api/v2/pokemon/163/""},{""name"":""noctowl"",""url"":""https://pokeapi.co/api/v2/pokemon/164/""'"
85,"b'},{""name"":""ledyba"",""url"":""https://pokeapi.co/api/v2/pokemon/165/""},{""name"":""ledian"",""url"":""https://pokeapi.co/api/v2/pokemon/166'"
86,"b'/""},{""name"":""spinarak"",""url"":""https://pokeapi.co/api/v2/pokemon/167/""},{""name"":""ariados"",""url"":""https://pokeapi.co/api/v2/pokemo'"
87,"b'n/168/""},{""name"":""crobat"",""url"":""https://pokeapi.co/api/v2/pokemon/169/""},{""name"":""chinchou"",""url"":""https://pokeapi.co/api/v2/po'"
88,"b'kemon/170/""},{""name"":""lanturn"",""url"":""https://pokeapi.co/api/v2/pokemon/171/""},{""name"":""pichu"",""url"":""https://pokeapi.co/api/v2/'"
89,"b'pokemon/172/""},{""name"":""cleffa"",""url"":""https://pokeapi.co/api/v2/pokemon/173/""},{""name"":""igglybuff"",""url"":""https://pokeapi.co/ap'"
90,"b'i/v2/pokemon/174/""},{""name"":""togepi"",""url"":""https://pokeapi.co/api/v2/pokemon/175/""},{""name"":""togetic"",""url"":""https://pokeapi.co'"
91,"b'/api/v2/pokemon/176/""},{""name"":""natu"",""url"":""https://pokeapi.co/api/v2/pokemon/177/""},{""name"":""xatu"",""url"":""https://pokeapi.co/a'"
92,"b'pi/v2/pokemon/178/""},{""name"":""mareep"",""url"":""https://pokeapi.co/api/v2/pokemon/179/""},{""name"":""flaaffy"",""url"":""https://pokeapi.c'"
93,"b'o/api/v2/pokemon/180/""},{""name"":""ampharos"",""url"":""https://pokeapi.co/api/v2/pokemon/181/""},{""name"":""bellossom"",""url"":""https://po'"
94,"b'keapi.co/api/v2/pokemon/182/""},{""name"":""marill"",""url"":""https://pokeapi.co/api/v2/pokemon/183/""},{""name"":""azumarill"",""url"":""https'"
95,"b'://pokeapi.co/api/v2/pokemon/184/""},{""name"":""sudowoodo"",""url"":""https://pokeapi.co/api/v2/pokemon/185/""},{""name"":""politoed"",""url""'"
96,"b':""https://pokeapi.co/api/v2/pokemon/186/""},{""name"":""hoppip"",""url"":""https://pokeapi.co/api/v2/pokemon/187/""},{""name"":""skiploom"",""'"
97,"b'url"":""https://pokeapi.co/api/v2/pokemon/188/""},{""name"":""jumpluff"",""url"":""https://pokeapi.co/api/v2/pokemon/189/""},{""name"":""aipom'"
98,"b'"",""url"":""https://pokeapi.co/api/v2/pokemon/190/""},{""name"":""sunkern"",""url"":""https://pokeapi.co/api/v2/pokemon/191/""},{""name"":""sun'"
99,"b'flora"",""url"":""https://pokeapi.co/api/v2/pokemon/192/""},{""name"":""yanma"",""url"":""https://pokeapi.co/api/v2/pokemon/193/""},{""name"":""'"
100,"b'wooper"",""url"":""https://pokeapi.co/api/v2/pokemon/194/""},{""name"":""quagsire"",""url"":""https://pokeapi.co/api/v2/pokemon/195/""},{""nam'"
101,"b'e"":""espeon"",""url"":""https://pokeapi.co/api/v2/pokemon/196/""},{""name"":""umbreon"",""url"":""https://pokeapi.co/api/v2/pokemon/197/""},{""'"
102,"b'name"":""murkrow"",""url"":""https://pokeapi.co/api/v2/pokemon/198/""},{""name"":""slowking"",""url"":""https://pokeapi.co/api/v2/pokemon/199/'"
103,"b'""},{""name"":""misdreavus"",""url"":""https://pokeapi.co/api/v2/pokemon/200/""},{""name"":""unown"",""url"":""https://pokeapi.co/api/v2/pokemon'"
104,"b'/201/""},{""name"":""wobbuffet"",""url"":""https://pokeapi.co/api/v2/pokemon/202/""},{""name"":""girafarig"",""url"":""https://pokeapi.co/api/v2'"
105,"b'/pokemon/203/""},{""name"":""pineco"",""url"":""https://pokeapi.co/api/v2/pokemon/204/""},{""name"":""forretress"",""url"":""https://pokeapi.co/'"
106,"b'api/v2/pokemon/205/""},{""name"":""dunsparce"",""url"":""https://pokeapi.co/api/v2/pokemon/206/""},{""name"":""gligar"",""url"":""https://pokeap'"
107,"b'i.co/api/v2/pokemon/207/""},{""name"":""steelix"",""url"":""https://pokeapi.co/api/v2/pokemon/208/""},{""name"":""snubbull"",""url"":""https://p'"
108,"b'okeapi.co/api/v2/pokemon/209/""},{""name"":""granbull"",""url"":""https://pokeapi.co/api/v2/pokemon/210/""},{""name"":""qwilfish"",""url"":""htt'"
109,"b'ps://pokeapi.co/api/v2/pokemon/211/""},{""name"":""scizor"",""url"":""https://pokeapi.co/api/v2/pokemon/212/""},{""name"":""shuckle"",""url"":""'"
110,"b'https://pokeapi.co/api/v2/pokemon/213/""},{""name"":""heracross"",""url"":""https://pokeapi.co/api/v2/pokemon/214/""},{""name"":""sneasel"",""'"
111,"b'url"":""https://pokeapi.co/api/v2/pokemon/215/""},{""name"":""teddiursa"",""url"":""https://pokeapi.co/api/v2/pokemon/216/""},{""name"":""ursa'"
112,"b'ring"",""url"":""https://pokeapi.co/api/v2/pokemon/217/""},{""name"":""slugma"",""url"":""https://pokeapi.co/api/v2/pokemon/218/""},{""name"":""'"
113,"b'magcargo"",""url"":""https://pokeapi.co/api/v2/pokemon/219/""},{""name"":""swinub"",""url"":""https://pokeapi.co/api/v2/pokemon/220/""},{""nam'"
114,"b'e"":""piloswine"",""url"":""https://pokeapi.co/api/v2/pokemon/221/""},{""name"":""corsola"",""url"":""https://pokeapi.co/api/v2/pokemon/222/""}'"
115,"b',{""name"":""remoraid"",""url"":""https://pokeapi.co/api/v2/pokemon/223/""},{""name"":""octillery"",""url"":""https://pokeapi.co/api/v2/pokemon'"
116,"b'/224/""},{""name"":""delibird"",""url"":""https://pokeapi.co/api/v2/pokemon/225/""},{""name"":""mantine"",""url"":""https://pokeapi.co/api/v2/po'"
117,"b'kemon/226/""},{""name"":""skarmory"",""url"":""https://pokeapi.co/api/v2/pokemon/227/""},{""name"":""houndour"",""url"":""https://pokeapi.co/api'"
118,"b'/v2/pokemon/228/""},{""name"":""houndoom"",""url"":""https://pokeapi.co/api/v2/pokemon/229/""},{""name"":""kingdra"",""url"":""https://pokeapi.c'"
119,"b'o/api/v2/pokemon/230/""},{""name"":""phanpy"",""url"":""https://pokeapi.co/api/v2/pokemon/231/""},{""name"":""donphan"",""url"":""https://pokeap'"
120,"b'i.co/api/v2/pokemon/232/""},{""name"":""porygon2"",""url"":""https://pokeapi.co/api/v2/pokemon/233/""},{""name"":""stantler"",""url"":""https://'"
121,"b'pokeapi.co/api/v2/pokemon/234/""},{""name"":""smeargle"",""url"":""https://pokeapi.co/api/v2/pokemon/235/""},{""name"":""tyrogue"",""url"":""htt'"
122,"b'ps://pokeapi.co/api/v2/pokemon/236/""},{""name"":""hitmontop"",""url"":""https://pokeapi.co/api/v2/pokemon/237/""},{""name"":""smoochum"",""ur'"
123,"b'l"":""https://pokeapi.co/api/v2/pokemon/238/""},{""name"":""elekid"",""url"":""https://pokeapi.co/api/v2/pokemon/239/""},{""name"":""magby"",""u'"
124,"b'rl"":""https://pokeapi.co/api/v2/pokemon/240/""},{""name"":""miltank"",""url"":""https://pokeapi.co/api/v2/pokemon/241/""},{""name"":""blissey'"
125,"b'"",""url"":""https://pokeapi.co/api/v2/pokemon/242/""},{""name"":""raikou"",""url"":""https://pokeapi.co/api/v2/pokemon/243/""},{""name"":""ente'"
126,"b'i"",""url"":""https://pokeapi.co/api/v2/pokemon/244/""},{""name"":""suicune"",""url"":""https://pokeapi.co/api/v2/pokemon/245/""},{""name"":""la'"
127,"b'rvitar"",""url"":""https://pokeapi.co/api/v2/pokemon/246/""},{""name"":""pupitar"",""url"":""https://pokeapi.co/api/v2/pokemon/247/""},{""name'"
128,"b'"":""tyranitar"",""url"":""https://pokeapi.co/api/v2/pokemon/248/""},{""name"":""lugia"",""url"":""https://pokeapi.co/api/v2/pokemon/249/""},{""'"
129,"b'name"":""ho-oh"",""url"":""https://pokeapi.co/api/v2/pokemon/250/""},{""name"":""celebi"",""url"":""https://pokeapi.co/api/v2/pokemon/251/""},{'"
130,"b'""name"":""treecko"",""url"":""https://pokeapi.co/api/v2/pokemon/252/""},{""name"":""grovyle"",""url"":""https://pokeapi.co/api/v2/pokemon/253/'"
131,"b'""},{""name"":""sceptile"",""url"":""https://pokeapi.co/api/v2/pokemon/254/""},{""name"":""torchic"",""url"":""https://pokeapi.co/api/v2/pokemon'"
132,"b'/255/""},{""name"":""combusken"",""url"":""https://pokeapi.co/api/v2/pokemon/256/""},{""name"":""blaziken"",""url"":""https://pokeapi.co/api/v2/'"
133,"b'pokemon/257/""},{""name"":""mudkip"",""url"":""https://pokeapi.co/api/v2/pokemon/258/""},{""name"":""marshtomp"",""url"":""https://pokeapi.co/ap'"
134,"b'i/v2/pokemon/259/""},{""name"":""swampert"",""url"":""https://pokeapi.co/api/v2/pokemon/260/""},{""name"":""poochyena"",""url"":""https://pokeap'"
135,"b'i.co/api/v2/pokemon/261/""},{""name"":""mightyena"",""url"":""https://pokeapi.co/api/v2/pokemon/262/""},{""name"":""zigzagoon"",""url"":""https:'"
136,"b'//pokeapi.co/api/v2/pokemon/263/""},{""name"":""linoone"",""url"":""https://pokeapi.co/api/v2/pokemon/264/""},{""name"":""wurmple"",""url"":""ht'"
137,"b'tps://pokeapi.co/api/v2/pokemon/265/""},{""name"":""silcoon"",""url"":""https://pokeapi.co/api/v2/pokemon/266/""},{""name"":""beautifly"",""ur'"
138,"b'l"":""https://pokeapi.co/api/v2/pokemon/267/""},{""name"":""cascoon"",""url"":""https://pokeapi.co/api/v2/pokemon/268/""},{""name"":""dustox"",'"
139,"b'""url"":""https://pokeapi.co/api/v2/pokemon/269/""},{""name"":""lotad"",""url"":""https://pokeapi.co/api/v2/pokemon/270/""},{""name"":""lombre""'"
140,"b',""url"":""https://pokeapi.co/api/v2/pokemon/271/""},{""name"":""ludicolo"",""url"":""https://pokeapi.co/api/v2/pokemon/272/""},{""name"":""see'"
141,"b'dot"",""url"":""https://pokeapi.co/api/v2/pokemon/273/""},{""name"":""nuzleaf"",""url"":""https://pokeapi.co/api/v2/pokemon/274/""},{""name"":""'"
142,"b'shiftry"",""url"":""https://pokeapi.co/api/v2/pokemon/275/""},{""name"":""taillow"",""url"":""https://pokeapi.co/api/v2/pokemon/276/""},{""nam'"
143,"b'e"":""swellow"",""url"":""https://pokeapi.co/api/v2/pokemon/277/""},{""name"":""wingull"",""url"":""https://pokeapi.co/api/v2/pokemon/278/""},{'"
144,"b'""name"":""pelipper"",""url"":""https://pokeapi.co/api/v2/pokemon/279/""},{""name"":""ralts"",""url"":""https://pokeapi.co/api/v2/pokemon/280/""'"
145,"b'},{""name"":""kirlia"",""url"":""https://pokeapi.co/api/v2/pokemon/281/""},{""name"":""gardevoir"",""url"":""https://pokeapi.co/api/v2/pokemon/'"
146,"b'282/""},{""name"":""surskit"",""url"":""https://pokeapi.co/api/v2/pokemon/283/""},{""name"":""masquerain"",""url"":""https://pokeapi.co/api/v2/p'"
147,"b'okemon/284/""},{""name"":""shroomish"",""url"":""https://pokeapi.co/api/v2/pokemon/285/""},{""name"":""breloom"",""url"":""https://pokeapi.co/ap'"
148,"b'i/v2/pokemon/286/""},{""name"":""slakoth"",""url"":""https://pokeapi.co/api/v2/pokemon/287/""},{""name"":""vigoroth"",""url"":""https://pokeapi.'"
149,"b'co/api/v2/pokemon/288/""},{""name"":""slaking"",""url"":""https://pokeapi.co/api/v2/pokemon/289/""},{""name"":""nincada"",""url"":""https://poke'"
150,"b'api.co/api/v2/pokemon/290/""},{""name"":""ninjask"",""url"":""https://pokeapi.co/api/v2/pokemon/291/""},{""name"":""shedinja"",""url"":""https:/'"
151,"b'/pokeapi.co/api/v2/pokemon/292/""},{""name"":""whismur"",""url"":""https://pokeapi.co/api/v2/pokemon/293/""},{""name"":""loudred"",""url"":""htt'"
152,"b'ps://pokeapi.co/api/v2/pokemon/294/""},{""name"":""exploud"",""url"":""https://pokeapi.co/api/v2/pokemon/295/""},{""name"":""makuhita"",""url""'"
153,"b':""https://pokeapi.co/api/v2/pokemon/296/""},{""name"":""hariyama"",""url"":""https://pokeapi.co/api/v2/pokemon/297/""},{""name"":""azurill"",'"
154,"b'""url"":""https://pokeapi.co/api/v2/pokemon/298/""},{""name"":""nosepass"",""url"":""https://pokeapi.co/api/v2/pokemon/299/""},{""name"":""skit'"
155,"b'ty"",""url"":""https://pokeapi.co/api/v2/pokemon/300/""},{""name"":""delcatty"",""url"":""https://pokeapi.co/api/v2/pokemon/301/""},{""name"":""'"
156,"b'sableye"",""url"":""https://pokeapi.co/api/v2/pokemon/302/""},{""name"":""mawile"",""url"":""https://pokeapi.co/api/v2/pokemon/303/""},{""name'"
157,"b'"":""aron"",""url"":""https://pokeapi.co/api/v2/pokemon/304/""},{""name"":""lairon"",""url"":""https://pokeapi.co/api/v2/pokemon/305/""},{""name'"
158,"b'"":""aggron"",""url"":""https://pokeapi.co/api/v2/pokemon/306/""},{""name"":""meditite"",""url"":""https://pokeapi.co/api/v2/pokemon/307/""},{""'"
159,"b'name"":""medicham"",""url"":""https://pokeapi.co/api/v2/pokemon/308/""},{""name"":""electrike"",""url"":""https://pokeapi.co/api/v2/pokemon/30'"
160,"b'9/""},{""name"":""manectric"",""url"":""https://pokeapi.co/api/v2/pokemon/310/""},{""name"":""plusle"",""url"":""https://pokeapi.co/api/v2/pokem'"
161,"b'on/311/""},{""name"":""minun"",""url"":""https://pokeapi.co/api/v2/pokemon/312/""},{""name"":""volbeat"",""url"":""https://pokeapi.co/api/v2/pok'"
162,"b'emon/313/""},{""name"":""illumise"",""url"":""https://pokeapi.co/api/v2/pokemon/314/""},{""name"":""roselia"",""url"":""https://pokeapi.co/api/v'"
163,"b'2/pokemon/315/""},{""name"":""gulpin"",""url"":""https://pokeapi.co/api/v2/pokemon/316/""},{""name"":""swalot"",""url"":""https://pokeapi.co/api'"
164,"b'/v2/pokemon/317/""},{""name"":""carvanha"",""url"":""https://pokeapi.co/api/v2/pokemon/318/""},{""name"":""sharpedo"",""url"":""https://pokeapi.'"
165,"b'co/api/v2/pokemon/319/""},{""name"":""wailmer"",""url"":""https://pokeapi.co/api/v2/pokemon/320/""},{""name"":""wailord"",""url"":""https://poke'"
166,"b'api.co/api/v2/pokemon/321/""},{""name"":""numel"",""url"":""https://pokeapi.co/api/v2/pokemon/322/""},{""name"":""camerupt"",""url"":""https://p'"
167,"b'okeapi.co/api/v2/pokemon/323/""},{""name"":""torkoal"",""url"":""https://pokeapi.co/api/v2/pokemon/324/""},{""name"":""spoink"",""url"":""https:'"
168,"b'//pokeapi.co/api/v2/pokemon/325/""},{""name"":""grumpig"",""url"":""https://pokeapi.co/api/v2/pokemon/326/""},{""name"":""spinda"",""url"":""htt'"
169,"b'ps://pokeapi.co/api/v2/pokemon/327/""},{""name"":""trapinch"",""url"":""https://pokeapi.co/api/v2/pokemon/328/""},{""name"":""vibrava"",""url""'"
170,"b':""https://pokeapi.co/api/v2/pokemon/329/""},{""name"":""flygon"",""url"":""https://pokeapi.co/api/v2/pokemon/330/""},{""name"":""cacnea"",""ur'"
171,"b'l"":""https://pokeapi.co/api/v2/pokemon/331/""},{""name"":""cacturne"",""url"":""https://pokeapi.co/api/v2/pokemon/332/""},{""name"":""swablu""'"
172,"b',""url"":""https://pokeapi.co/api/v2/pokemon/333/""},{""name"":""altaria"",""url"":""https://pokeapi.co/api/v2/pokemon/334/""},{""name"":""zang'"
173,"b'oose"",""url"":""https://pokeapi.co/api/v2/pokemon/335/""},{""name"":""seviper"",""url"":""https://pokeapi.co/api/v2/pokemon/336/""},{""name"":'"
174,"b'""lunatone"",""url"":""https://pokeapi.co/api/v2/pokemon/337/""},{""name"":""solrock"",""url"":""https://pokeapi.co/api/v2/pokemon/338/""},{""n'"
175,"b'ame"":""barboach"",""url"":""https://pokeapi.co/api/v2/pokemon/339/""},{""name"":""whiscash"",""url"":""https://pokeapi.co/api/v2/pokemon/340/'"
176,"b'""},{""name"":""corphish"",""url"":""https://pokeapi.co/api/v2/pokemon/341/""},{""name"":""crawdaunt"",""url"":""https://pokeapi.co/api/v2/pokem'"
177,"b'on/342/""},{""name"":""baltoy"",""url"":""https://pokeapi.co/api/v2/pokemon/343/""},{""name"":""claydol"",""url"":""https://pokeapi.co/api/v2/po'"
178,"b'kemon/344/""},{""name"":""lileep"",""url"":""https://pokeapi.co/api/v2/pokemon/345/""},{""name"":""cradily"",""url"":""https://pokeapi.co/api/v2'"
179,"b'/pokemon/346/""},{""name"":""anorith"",""url"":""https://pokeapi.co/api/v2/pokemon/347/""},{""name"":""armaldo"",""url"":""https://pokeapi.co/ap'"
180,"b'i/v2/pokemon/348/""},{""name"":""feebas"",""url"":""https://pokeapi.co/api/v2/pokemon/349/""},{""name"":""milotic"",""url"":""https://pokeapi.co'"
181,"b'/api/v2/pokemon/350/""},{""name"":""castform"",""url"":""https://pokeapi.co/api/v2/pokemon/351/""},{""name"":""kecleon"",""url"":""https://pokea'"
182,"b'pi.co/api/v2/pokemon/352/""},{""name"":""shuppet"",""url"":""https://pokeapi.co/api/v2/pokemon/353/""},{""name"":""banette"",""url"":""https://p'"
183,"b'okeapi.co/api/v2/pokemon/354/""},{""name"":""duskull"",""url"":""https://pokeapi.co/api/v2/pokemon/355/""},{""name"":""dusclops"",""url"":""http'"
184,"b's://pokeapi.co/api/v2/pokemon/356/""},{""name"":""tropius"",""url"":""https://pokeapi.co/api/v2/pokemon/357/""},{""name"":""chimecho"",""url"":'"
185,"b'""https://pokeapi.co/api/v2/pokemon/358/""},{""name"":""absol"",""url"":""https://pokeapi.co/api/v2/pokemon/359/""},{""name"":""wynaut"",""url""'"
186,"b':""https://pokeapi.co/api/v2/pokemon/360/""},{""name"":""snorunt"",""url"":""https://pokeapi.co/api/v2/pokemon/361/""},{""name"":""glalie"",""u'"
187,"b'rl"":""https://pokeapi.co/api/v2/pokemon/362/""},{""name"":""spheal"",""url"":""https://pokeapi.co/api/v2/pokemon/363/""},{""name"":""sealeo"",'"
188,"b'""url"":""https://pokeapi.co/api/v2/pokemon/364/""},{""name"":""walrein"",""url"":""https://pokeapi.co/api/v2/pokemon/365/""},{""name"":""clamp'"
189,"b'erl"",""url"":""https://pokeapi.co/api/v2/pokemon/366/""},{""name"":""huntail"",""url"":""https://pokeapi.co/api/v2/pokemon/367/""},{""name"":""'"
190,"b'gorebyss"",""url"":""https://pokeapi.co/api/v2/pokemon/368/""},{""name"":""relicanth"",""url"":""https://pokeapi.co/api/v2/pokemon/369/""},{""'"
191,"b'name"":""luvdisc"",""url"":""https://pokeapi.co/api/v2/pokemon/370/""},{""name"":""bagon"",""url"":""https://pokeapi.co/api/v2/pokemon/371/""},'"
192,"b'{""name"":""shelgon"",""url"":""https://pokeapi.co/api/v2/pokemon/372/""},{""name"":""salamence"",""url"":""https://pokeapi.co/api/v2/pokemon/3'"
193,"b'73/""},{""name"":""beldum"",""url"":""https://pokeapi.co/api/v2/pokemon/374/""},{""name"":""metang"",""url"":""https://pokeapi.co/api/v2/pokemon'"
194,"b'/375/""},{""name"":""metagross"",""url"":""https://pokeapi.co/api/v2/pokemon/376/""},{""name"":""regirock"",""url"":""https://pokeapi.co/api/v2/'"
195,"b'pokemon/377/""},{""name"":""regice"",""url"":""https://pokeapi.co/api/v2/pokemon/378/""},{""name"":""registeel"",""url"":""https://pokeapi.co/ap'"
196,"b'i/v2/pokemon/379/""},{""name"":""latias"",""url"":""https://pokeapi.co/api/v2/pokemon/380/""},{""name"":""latios"",""url"":""https://pokeapi.co/'"
197,"b'api/v2/pokemon/381/""},{""name"":""kyogre"",""url"":""https://pokeapi.co/api/v2/pokemon/382/""},{""name"":""groudon"",""url"":""https://pokeapi.'"
198,"b'co/api/v2/pokemon/383/""},{""name"":""rayquaza"",""url"":""https://pokeapi.co/api/v2/pokemon/384/""},{""name"":""jirachi"",""url"":""https://pok'"
199,"b'eapi.co/api/v2/pokemon/385/""},{""name"":""deoxys-normal"",""url"":""https://pokeapi.co/api/v2/pokemon/386/""},{""name"":""turtwig"",""url"":""h'"
200,"b'ttps://pokeapi.co/api/v2/pokemon/387/""},{""name"":""grotle"",""url"":""https://pokeapi.co/api/v2/pokemon/388/""},{""name"":""torterra"",""url'"
201,"b'"":""https://pokeapi.co/api/v2/pokemon/389/""},{""name"":""chimchar"",""url"":""https://pokeapi.co/api/v2/pokemon/390/""},{""name"":""monferno'"
202,"b'"",""url"":""https://pokeapi.co/api/v2/pokemon/391/""},{""name"":""infernape"",""url"":""https://pokeapi.co/api/v2/pokemon/392/""},{""name"":""p'"
203,"b'iplup"",""url"":""https://pokeapi.co/api/v2/pokemon/393/""},{""name"":""prinplup"",""url"":""https://pokeapi.co/api/v2/pokemon/394/""},{""name'"
204,"b'"":""empoleon"",""url"":""https://pokeapi.co/api/v2/pokemon/395/""},{""name"":""starly"",""url"":""https://pokeapi.co/api/v2/pokemon/396/""},{""'"
205,"b'name"":""staravia"",""url"":""https://pokeapi.co/api/v2/pokemon/397/""},{""name"":""staraptor"",""url"":""https://pokeapi.co/api/v2/pokemon/39'"
206,"b'8/""},{""name"":""bidoof"",""url"":""https://pokeapi.co/api/v2/pokemon/399/""},{""name"":""bibarel"",""url"":""https://pokeapi.co/api/v2/pokemon'"
207,"b'/400/""},{""name"":""kricketot"",""url"":""https://pokeapi.co/api/v2/pokemon/401/""},{""name"":""kricketune"",""url"":""https://pokeapi.co/api/v'"
208,"b'2/pokemon/402/""},{""name"":""shinx"",""url"":""https://pokeapi.co/api/v2/pokemon/403/""},{""name"":""luxio"",""url"":""https://pokeapi.co/api/v'"
209,"b'2/pokemon/404/""},{""name"":""luxray"",""url"":""https://pokeapi.co/api/v2/pokemon/405/""},{""name"":""budew"",""url"":""https://pokeapi.co/api/'"
210,"b'v2/pokemon/406/""},{""name"":""roserade"",""url"":""https://pokeapi.co/api/v2/pokemon/407/""},{""name"":""cranidos"",""url"":""https://pokeapi.c'"
211,"b'o/api/v2/pokemon/408/""},{""name"":""rampardos"",""url"":""https://pokeapi.co/api/v2/pokemon/409/""},{""name"":""shieldon"",""url"":""https://po'"
212,"b'keapi.co/api/v2/pokemon/410/""},{""name"":""bastiodon"",""url"":""https://pokeapi.co/api/v2/pokemon/411/""},{""name"":""burmy"",""url"":""https:'"
213,"b'//pokeapi.co/api/v2/pokemon/412/""},{""name"":""wormadam-plant"",""url"":""https://pokeapi.co/api/v2/pokemon/413/""},{""name"":""mothim"",""ur'"
214,"b'l"":""https://pokeapi.co/api/v2/pokemon/414/""},{""name"":""combee"",""url"":""https://pokeapi.co/api/v2/pokemon/415/""},{""name"":""vespiquen'"
215,"b'"",""url"":""https://pokeapi.co/api/v2/pokemon/416/""},{""name"":""pachirisu"",""url"":""https://pokeapi.co/api/v2/pokemon/417/""},{""name"":""b'"
216,"b'uizel"",""url"":""https://pokeapi.co/api/v2/pokemon/418/""},{""name"":""floatzel"",""url"":""https://pokeapi.co/api/v2/pokemon/419/""},{""name'"
217,"b'"":""cherubi"",""url"":""https://pokeapi.co/api/v2/pokemon/420/""},{""name"":""cherrim"",""url"":""https://pokeapi.co/api/v2/pokemon/421/""},{""'"
218,"b'name"":""shellos"",""url"":""https://pokeapi.co/api/v2/pokemon/422/""},{""name"":""gastrodon"",""url"":""https://pokeapi.co/api/v2/pokemon/423'"
219,"b'/""},{""name"":""ambipom"",""url"":""https://pokeapi.co/api/v2/pokemon/424/""},{""name"":""drifloon"",""url"":""https://pokeapi.co/api/v2/pokemo'"
220,"b'n/425/""},{""name"":""drifblim"",""url"":""https://pokeapi.co/api/v2/pokemon/426/""},{""name"":""buneary"",""url"":""https://pokeapi.co/api/v2/p'"
221,"b'okemon/427/""},{""name"":""lopunny"",""url"":""https://pokeapi.co/api/v2/pokemon/428/""},{""name"":""mismagius"",""url"":""https://pokeapi.co/ap'"
222,"b'i/v2/pokemon/429/""},{""name"":""honchkrow"",""url"":""https://pokeapi.co/api/v2/pokemon/430/""},{""name"":""glameow"",""url"":""https://pokeapi'"
223,"b'.co/api/v2/pokemon/431/""},{""name"":""purugly"",""url"":""https://pokeapi.co/api/v2/pokemon/432/""},{""name"":""chingling"",""url"":""https://p'"
224,"b'okeapi.co/api/v2/pokemon/433/""},{""name"":""stunky"",""url"":""https://pokeapi.co/api/v2/pokemon/434/""},{""name"":""skuntank"",""url"":""https'"
225,"b'://pokeapi.co/api/v2/pokemon/435/""},{""name"":""bronzor"",""url"":""https://pokeapi.co/api/v2/pokemon/436/""},{""name"":""bronzong"",""url"":""'"
226,"b'https://pokeapi.co/api/v2/pokemon/437/""},{""name"":""bonsly"",""url"":""https://pokeapi.co/api/v2/pokemon/438/""},{""name"":""mime-jr"",""url'"
227,"b'"":""https://pokeapi.co/api/v2/pokemon/439/""},{""name"":""happiny"",""url"":""https://pokeapi.co/api/v2/pokemon/440/""},{""name"":""chatot"",""'"
228,"b'url"":""https://pokeapi.co/api/v2/pokemon/441/""},{""name"":""spiritomb"",""url"":""https://pokeapi.co/api/v2/pokemon/442/""},{""name"":""gibl'"
229,"b'e"",""url"":""https://pokeapi.co/api/v2/pokemon/443/""},{""name"":""gabite"",""url"":""https://pokeapi.co/api/v2/pokemon/444/""},{""name"":""gar'"
230,"b'chomp"",""url"":""https://pokeapi.co/api/v2/pokemon/445/""},{""name"":""munchlax"",""url"":""https://pokeapi.co/api/v2/pokemon/446/""},{""name'"
231,"b'"":""riolu"",""url"":""https://pokeapi.co/api/v2/pokemon/447/""},{""name"":""lucario"",""url"":""https://pokeapi.co/api/v2/pokemon/448/""},{""na'"
232,"b'me"":""hippopotas"",""url"":""https://pokeapi.co/api/v2/pokemon/449/""},{""name"":""hippowdon"",""url"":""https://pokeapi.co/api/v2/pokemon/45'"
233,"b'0/""},{""name"":""skorupi"",""url"":""https://pokeapi.co/api/v2/pokemon/451/""},{""name"":""drapion"",""url"":""https://pokeapi.co/api/v2/pokemo'"
234,"b'n/452/""},{""name"":""croagunk"",""url"":""https://pokeapi.co/api/v2/pokemon/453/""},{""name"":""toxicroak"",""url"":""https://pokeapi.co/api/v2'"
235,"b'/pokemon/454/""},{""name"":""carnivine"",""url"":""https://pokeapi.co/api/v2/pokemon/455/""},{""name"":""finneon"",""url"":""https://pokeapi.co/'"
236,"b'api/v2/pokemon/456/""},{""name"":""lumineon"",""url"":""https://pokeapi.co/api/v2/pokemon/457/""},{""name"":""mantyke"",""url"":""https://pokeap'"
237,"b'i.co/api/v2/pokemon/458/""},{""name"":""snover"",""url"":""https://pokeapi.co/api/v2/pokemon/459/""},{""name"":""abomasnow"",""url"":""https://p'"
238,"b'okeapi.co/api/v2/pokemon/460/""},{""name"":""weavile"",""url"":""https://pokeapi.co/api/v2/pokemon/461/""},{""name"":""magnezone"",""url"":""htt'"
239,"b'ps://pokeapi.co/api/v2/pokemon/462/""},{""name"":""lickilicky"",""url"":""https://pokeapi.co/api/v2/pokemon/463/""},{""name"":""rhyperior"",""'"
240,"b'url"":""https://pokeapi.co/api/v2/pokemon/464/""},{""name"":""tangrowth"",""url"":""https://pokeapi.co/api/v2/pokemon/465/""},{""name"":""elec'"
241,"b'tivire"",""url"":""https://pokeapi.co/api/v2/pokemon/466/""},{""name"":""magmortar"",""url"":""https://pokeapi.co/api/v2/pokemon/467/""},{""na'"
242,"b'me"":""togekiss"",""url"":""https://pokeapi.co/api/v2/pokemon/468/""},{""name"":""yanmega"",""url"":""https://pokeapi.co/api/v2/pokemon/469/""}'"
243,"b',{""name"":""leafeon"",""url"":""https://pokeapi.co/api/v2/pokemon/470/""},{""name"":""glaceon"",""url"":""https://pokeapi.co/api/v2/pokemon/47'"
244,"b'1/""},{""name"":""gliscor"",""url"":""https://pokeapi.co/api/v2/pokemon/472/""},{""name"":""mamoswine"",""url"":""https://pokeapi.co/api/v2/poke'"
245,"b'mon/473/""},{""name"":""porygon-z"",""url"":""https://pokeapi.co/api/v2/pokemon/474/""},{""name"":""gallade"",""url"":""https://pokeapi.co/api/v'"
246,"b'2/pokemon/475/""},{""name"":""probopass"",""url"":""https://pokeapi.co/api/v2/pokemon/476/""},{""name"":""dusknoir"",""url"":""https://pokeapi.c'"
247,"b'o/api/v2/pokemon/477/""},{""name"":""froslass"",""url"":""https://pokeapi.co/api/v2/pokemon/478/""},{""name"":""rotom"",""url"":""https://pokeap'"
248,"b'i.co/api/v2/pokemon/479/""},{""name"":""uxie"",""url"":""https://pokeapi.co/api/v2/pokemon/480/""},{""name"":""mesprit"",""url"":""https://pokea'"
249,"b'pi.co/api/v2/pokemon/481/""},{""name"":""azelf"",""url"":""https://pokeapi.co/api/v2/pokemon/482/""},{""name"":""dialga"",""url"":""https://poke'"
250,"b'api.co/api/v2/pokemon/483/""},{""name"":""palkia"",""url"":""https://pokeapi.co/api/v2/pokemon/484/""},{""name"":""heatran"",""url"":""https://p'"
251,"b'okeapi.co/api/v2/pokemon/485/""},{""name"":""regigigas"",""url"":""https://pokeapi.co/api/v2/pokemon/486/""},{""name"":""giratina-altered"",""'"
252,"b'url"":""https://pokeapi.co/api/v2/pokemon/487/""},{""name"":""cresselia"",""url"":""https://pokeapi.co/api/v2/pokemon/488/""},{""name"":""phio'"
253,"b'ne"",""url"":""https://pokeapi.co/api/v2/pokemon/489/""},{""name"":""manaphy"",""url"":""https://pokeapi.co/api/v2/pokemon/490/""},{""name"":""d'"
254,"b'arkrai"",""url"":""https://pokeapi.co/api/v2/pokemon/491/""},{""name"":""shaymin-land"",""url"":""https://pokeapi.co/api/v2/pokemon/492/""},{'"
255,"b'""name"":""arceus"",""url"":""https://pokeapi.co/api/v2/pokemon/493/""},{""name"":""victini"",""url"":""https://pokeapi.co/api/v2/pokemon/494/""'"
256,"b'},{""name"":""snivy"",""url"":""https://pokeapi.co/api/v2/pokemon/495/""},{""name"":""servine"",""url"":""https://pokeapi.co/api/v2/pokemon/496'"
257,"b'/""},{""name"":""serperior"",""url"":""https://pokeapi.co/api/v2/pokemon/497/""},{""name"":""tepig"",""url"":""https://pokeapi.co/api/v2/pokemon'"
258,"b'/498/""},{""name"":""pignite"",""url"":""https://pokeapi.co/api/v2/pokemon/499/""},{""name"":""emboar"",""url"":""https://pokeapi.co/api/v2/poke'"
259,"b'mon/500/""},{""name"":""oshawott"",""url"":""https://pokeapi.co/api/v2/pokemon/501/""},{""name"":""dewott"",""url"":""https://pokeapi.co/api/v2/'"
260,"b'pokemon/502/""},{""name"":""samurott"",""url"":""https://pokeapi.co/api/v2/pokemon/503/""},{""name"":""patrat"",""url"":""https://pokeapi.co/api'"
261,"b'/v2/pokemon/504/""},{""name"":""watchog"",""url"":""https://pokeapi.co/api/v2/pokemon/505/""},{""name"":""lillipup"",""url"":""https://pokeapi.c'"
262,"b'o/api/v2/pokemon/506/""},{""name"":""herdier"",""url"":""https://pokeapi.co/api/v2/pokemon/507/""},{""name"":""stoutland"",""url"":""https://pok'"
263,"b'eapi.co/api/v2/pokemon/508/""},{""name"":""purrloin"",""url"":""https://pokeapi.co/api/v2/pokemon/509/""},{""name"":""liepard"",""url"":""https:'"
264,"b'//pokeapi.co/api/v2/pokemon/510/""},{""name"":""pansage"",""url"":""https://pokeapi.co/api/v2/pokemon/511/""},{""name"":""simisage"",""url"":""h'"
265,"b'ttps://pokeapi.co/api/v2/pokemon/512/""},{""name"":""pansear"",""url"":""https://pokeapi.co/api/v2/pokemon/513/""},{""name"":""simisear"",""ur'"
266,"b'l"":""https://pokeapi.co/api/v2/pokemon/514/""},{""name"":""panpour"",""url"":""https://pokeapi.co/api/v2/pokemon/515/""},{""name"":""simipour'"
267,"b'"",""url"":""https://pokeapi.co/api/v2/pokemon/516/""},{""name"":""munna"",""url"":""https://pokeapi.co/api/v2/pokemon/517/""},{""name"":""musha'"
268,"b'rna"",""url"":""https://pokeapi.co/api/v2/pokemon/518/""},{""name"":""pidove"",""url"":""https://pokeapi.co/api/v2/pokemon/519/""},{""name"":""t'"
269,"b'ranquill"",""url"":""https://pokeapi.co/api/v2/pokemon/520/""},{""name"":""unfezant"",""url"":""https://pokeapi.co/api/v2/pokemon/521/""},{""n'"
270,"b'ame"":""blitzle"",""url"":""https://pokeapi.co/api/v2/pokemon/522/""},{""name"":""zebstrika"",""url"":""https://pokeapi.co/api/v2/pokemon/523/'"
271,"b'""},{""name"":""roggenrola"",""url"":""https://pokeapi.co/api/v2/pokemon/524/""},{""name"":""boldore"",""url"":""https://pokeapi.co/api/v2/pokem'"
272,"b'on/525/""},{""name"":""gigalith"",""url"":""https://pokeapi.co/api/v2/pokemon/526/""},{""name"":""woobat"",""url"":""https://pokeapi.co/api/v2/p'"
273,"b'okemon/527/""},{""name"":""swoobat"",""url"":""https://pokeapi.co/api/v2/pokemon/528/""},{""name"":""drilbur"",""url"":""https://pokeapi.co/api/'"
274,"b'v2/pokemon/529/""},{""name"":""excadrill"",""url"":""https://pokeapi.co/api/v2/pokemon/530/""},{""name"":""audino"",""url"":""https://pokeapi.co'"
275,"b'/api/v2/pokemon/531/""},{""name"":""timburr"",""url"":""https://pokeapi.co/api/v2/pokemon/532/""},{""name"":""gurdurr"",""url"":""https://pokeap'"
276,"b'i.co/api/v2/pokemon/533/""},{""name"":""conkeldurr"",""url"":""https://pokeapi.co/api/v2/pokemon/534/""},{""name"":""tympole"",""url"":""https:/'"
277,"b'/pokeapi.co/api/v2/pokemon/535/""},{""name"":""palpitoad"",""url"":""https://pokeapi.co/api/v2/pokemon/536/""},{""name"":""seismitoad"",""url""'"
278,"b':""https://pokeapi.co/api/v2/pokemon/537/""},{""name"":""throh"",""url"":""https://pokeapi.co/api/v2/pokemon/538/""},{""name"":""sawk"",""url"":'"
279,"b'""https://pokeapi.co/api/v2/pokemon/539/""},{""name"":""sewaddle"",""url"":""https://pokeapi.co/api/v2/pokemon/540/""},{""name"":""swadloon"",'"
280,"b'""url"":""https://pokeapi.co/api/v2/pokemon/541/""},{""name"":""leavanny"",""url"":""https://pokeapi.co/api/v2/pokemon/542/""},{""name"":""veni'"
281,"b'pede"",""url"":""https://pokeapi.co/api/v2/pokemon/543/""},{""name"":""whirlipede"",""url"":""https://pokeapi.co/api/v2/pokemon/544/""},{""nam'"
282,"b'e"":""scolipede"",""url"":""https://pokeapi.co/api/v2/pokemon/545/""},{""name"":""cottonee"",""url"":""https://pokeapi.co/api/v2/pokemon/546/""'"
283,"b'},{""name"":""whimsicott"",""url"":""https://pokeapi.co/api/v2/pokemon/547/""},{""name"":""petilil"",""url"":""https://pokeapi.co/api/v2/pokemo'"
284,"b'n/548/""},{""name"":""lilligant"",""url"":""https://pokeapi.co/api/v2/pokemon/549/""},{""name"":""basculin-red-striped"",""url"":""https://pokea'"
285,"b'pi.co/api/v2/pokemon/550/""},{""name"":""sandile"",""url"":""https://pokeapi.co/api/v2/pokemon/551/""},{""name"":""krokorok"",""url"":""https://'"
286,"b'pokeapi.co/api/v2/pokemon/552/""},{""name"":""krookodile"",""url"":""https://pokeapi.co/api/v2/pokemon/553/""},{""name"":""darumaka"",""url"":""'"
287,"b'https://pokeapi.co/api/v2/pokemon/554/""},{""name"":""darmanitan-standard"",""url"":""https://pokeapi.co/api/v2/pokemon/555/""},{""name"":""'"
288,"b'maractus"",""url"":""https://pokeapi.co/api/v2/pokemon/556/""},{""name"":""dwebble"",""url"":""https://pokeapi.co/api/v2/pokemon/557/""},{""na'"
289,"b'me"":""crustle"",""url"":""https://pokeapi.co/api/v2/pokemon/558/""},{""name"":""scraggy"",""url"":""https://pokeapi.co/api/v2/pokemon/559/""},'"
290,"b'{""name"":""scrafty"",""url"":""https://pokeapi.co/api/v2/pokemon/560/""},{""name"":""sigilyph"",""url"":""https://pokeapi.co/api/v2/pokemon/56'"
291,"b'1/""},{""name"":""yamask"",""url"":""https://pokeapi.co/api/v2/pokemon/562/""},{""name"":""cofagrigus"",""url"":""https://pokeapi.co/api/v2/poke'"
292,"b'mon/563/""},{""name"":""tirtouga"",""url"":""https://pokeapi.co/api/v2/pokemon/564/""},{""name"":""carracosta"",""url"":""https://pokeapi.co/api'"
293,"b'/v2/pokemon/565/""},{""name"":""archen"",""url"":""https://pokeapi.co/api/v2/pokemon/566/""},{""name"":""archeops"",""url"":""https://pokeapi.co'"
294,"b'/api/v2/pokemon/567/""},{""name"":""trubbish"",""url"":""https://pokeapi.co/api/v2/pokemon/568/""},{""name"":""garbodor"",""url"":""https://poke'"
295,"b'api.co/api/v2/pokemon/569/""},{""name"":""zorua"",""url"":""https://pokeapi.co/api/v2/pokemon/570/""},{""name"":""zoroark"",""url"":""https://po'"
296,"b'keapi.co/api/v2/pokemon/571/""},{""name"":""minccino"",""url"":""https://pokeapi.co/api/v2/pokemon/572/""},{""name"":""cinccino"",""url"":""http'"
297,"b's://pokeapi.co/api/v2/pokemon/573/""},{""name"":""gothita"",""url"":""https://pokeapi.co/api/v2/pokemon/574/""},{""name"":""gothorita"",""url""'"
298,"b':""https://pokeapi.co/api/v2/pokemon/575/""},{""name"":""gothitelle"",""url"":""https://pokeapi.co/api/v2/pokemon/576/""},{""name"":""solosis'"
299,"b'"",""url"":""https://pokeapi.co/api/v2/pokemon/577/""},{""name"":""duosion"",""url"":""https://pokeapi.co/api/v2/pokemon/578/""},{""name"":""reu'"
300,"b'niclus"",""url"":""https://pokeapi.co/api/v2/pokemon/579/""},{""name"":""ducklett"",""url"":""https://pokeapi.co/api/v2/pokemon/580/""},{""nam'"
301,"b'e"":""swanna"",""url"":""https://pokeapi.co/api/v2/pokemon/581/""},{""name"":""vanillite"",""url"":""https://pokeapi.co/api/v2/pokemon/582/""},'"
302,"b'{""name"":""vanillish"",""url"":""https://pokeapi.co/api/v2/pokemon/583/""},{""name"":""vanilluxe"",""url"":""https://pokeapi.co/api/v2/pokemon'"
303,"b'/584/""},{""name"":""deerling"",""url"":""https://pokeapi.co/api/v2/pokemon/585/""},{""name"":""sawsbuck"",""url"":""https://pokeapi.co/api/v2/p'"
304,"b'okemon/586/""},{""name"":""emolga"",""url"":""https://pokeapi.co/api/v2/pokemon/587/""},{""name"":""karrablast"",""url"":""https://pokeapi.co/ap'"
305,"b'i/v2/pokemon/588/""},{""name"":""escavalier"",""url"":""https://pokeapi.co/api/v2/pokemon/589/""},{""name"":""foongus"",""url"":""https://pokeap'"
306,"b'i.co/api/v2/pokemon/590/""},{""name"":""amoonguss"",""url"":""https://pokeapi.co/api/v2/pokemon/591/""},{""name"":""frillish"",""url"":""https:/'"
307,"b'/pokeapi.co/api/v2/pokemon/592/""},{""name"":""jellicent"",""url"":""https://pokeapi.co/api/v2/pokemon/593/""},{""name"":""alomomola"",""url"":'"
308,"b'""https://pokeapi.co/api/v2/pokemon/594/""},{""name"":""joltik"",""url"":""https://pokeapi.co/api/v2/pokemon/595/""},{""name"":""galvantula"",'"
309,"b'""url"":""https://pokeapi.co/api/v2/pokemon/596/""},{""name"":""ferroseed"",""url"":""https://pokeapi.co/api/v2/pokemon/597/""},{""name"":""fer'"
310,"b'rothorn"",""url"":""https://pokeapi.co/api/v2/pokemon/598/""},{""name"":""klink"",""url"":""https://pokeapi.co/api/v2/pokemon/599/""},{""name""'"
311,"b':""klang"",""url"":""https://pokeapi.co/api/v2/pokemon/600/""},{""name"":""klinklang"",""url"":""https://pokeapi.co/api/v2/pokemon/601/""},{""n'"
312,"b'ame"":""tynamo"",""url"":""https://pokeapi.co/api/v2/pokemon/602/""},{""name"":""eelektrik"",""url"":""https://pokeapi.co/api/v2/pokemon/603/""'"
313,"b'},{""name"":""eelektross"",""url"":""https://pokeapi.co/api/v2/pokemon/604/""},{""name"":""elgyem"",""url"":""https://pokeapi.co/api/v2/pokemon'"
314,"b'/605/""},{""name"":""beheeyem"",""url"":""https://pokeapi.co/api/v2/pokemon/606/""},{""name"":""litwick"",""url"":""https://pokeapi.co/api/v2/po'"
315,"b'kemon/607/""},{""name"":""lampent"",""url"":""https://pokeapi.co/api/v2/pokemon/608/""},{""name"":""chandelure"",""url"":""https://pokeapi.co/ap'"
316,"b'i/v2/pokemon/609/""},{""name"":""axew"",""url"":""https://pokeapi.co/api/v2/pokemon/610/""},{""name"":""fraxure"",""url"":""https://pokeapi.co/a'"
317,"b'pi/v2/pokemon/611/""},{""name"":""haxorus"",""url"":""https://pokeapi.co/api/v2/pokemon/612/""},{""name"":""cubchoo"",""url"":""https://pokeapi.'"
318,"b'co/api/v2/pokemon/613/""},{""name"":""beartic"",""url"":""https://pokeapi.co/api/v2/pokemon/614/""},{""name"":""cryogonal"",""url"":""https://po'"
319,"b'keapi.co/api/v2/pokemon/615/""},{""name"":""shelmet"",""url"":""https://pokeapi.co/api/v2/pokemon/616/""},{""name"":""accelgor"",""url"":""https'"
320,"b'://pokeapi.co/api/v2/pokemon/617/""},{""name"":""stunfisk"",""url"":""https://pokeapi.co/api/v2/pokemon/618/""},{""name"":""mienfoo"",""url"":""'"
321,"b'https://pokeapi.co/api/v2/pokemon/619/""},{""name"":""mienshao"",""url"":""https://pokeapi.co/api/v2/pokemon/620/""},{""name"":""druddigon"",'"
322,"b'""url"":""https://pokeapi.co/api/v2/pokemon/621/""},{""name"":""golett"",""url"":""https://pokeapi.co/api/v2/pokemon/622/""},{""name"":""golurk'"
323,"b'"",""url"":""https://pokeapi.co/api/v2/pokemon/623/""},{""name"":""pawniard"",""url"":""https://pokeapi.co/api/v2/pokemon/624/""},{""name"":""bi'"
324,"b'sharp"",""url"":""https://pokeapi.co/api/v2/pokemon/625/""},{""name"":""bouffalant"",""url"":""https://pokeapi.co/api/v2/pokemon/626/""},{""na'"
325,"b'me"":""rufflet"",""url"":""https://pokeapi.co/api/v2/pokemon/627/""},{""name"":""braviary"",""url"":""https://pokeapi.co/api/v2/pokemon/628/""}'"
326,"b',{""name"":""vullaby"",""url"":""https://pokeapi.co/api/v2/pokemon/629/""},{""name"":""mandibuzz"",""url"":""https://pokeapi.co/api/v2/pokemon/'"
327,"b'630/""},{""name"":""heatmor"",""url"":""https://pokeapi.co/api/v2/pokemon/631/""},{""name"":""durant"",""url"":""https://pokeapi.co/api/v2/pokem'"
328,"b'on/632/""},{""name"":""deino"",""url"":""https://pokeapi.co/api/v2/pokemon/633/""},{""name"":""zweilous"",""url"":""https://pokeapi.co/api/v2/po'"
329,"b'kemon/634/""},{""name"":""hydreigon"",""url"":""https://pokeapi.co/api/v2/pokemon/635/""},{""name"":""larvesta"",""url"":""https://pokeapi.co/ap'"
330,"b'i/v2/pokemon/636/""},{""name"":""volcarona"",""url"":""https://pokeapi.co/api/v2/pokemon/637/""},{""name"":""cobalion"",""url"":""https://pokeap'"
331,"b'i.co/api/v2/pokemon/638/""},{""name"":""terrakion"",""url"":""https://pokeapi.co/api/v2/pokemon/639/""},{""name"":""virizion"",""url"":""https:/'"
332,"b'/pokeapi.co/api/v2/pokemon/640/""},{""name"":""tornadus-incarnate"",""url"":""https://pokeapi.co/api/v2/pokemon/641/""},{""name"":""thunduru'"
333,"b's-incarnate"",""url"":""https://pokeapi.co/api/v2/pokemon/642/""},{""name"":""reshiram"",""url"":""https://pokeapi.co/api/v2/pokemon/643/""},'"
334,"b'{""name"":""zekrom"",""url"":""https://pokeapi.co/api/v2/pokemon/644/""},{""name"":""landorus-incarnate"",""url"":""https://pokeapi.co/api/v2/p'"
335,"b'okemon/645/""},{""name"":""kyurem"",""url"":""https://pokeapi.co/api/v2/pokemon/646/""},{""name"":""keldeo-ordinary"",""url"":""https://pokeapi.'"
336,"b'co/api/v2/pokemon/647/""},{""name"":""meloetta-aria"",""url"":""https://pokeapi.co/api/v2/pokemon/648/""},{""name"":""genesect"",""url"":""https'"
337,"b'://pokeapi.co/api/v2/pokemon/649/""},{""name"":""chespin"",""url"":""https://pokeapi.co/api/v2/pokemon/650/""},{""name"":""quilladin"",""url"":'"
338,"b'""https://pokeapi.co/api/v2/pokemon/651/""},{""name"":""chesnaught"",""url"":""https://pokeapi.co/api/v2/pokemon/652/""},{""name"":""fennekin'"
339,"b'"",""url"":""https://pokeapi.co/api/v2/pokemon/653/""},{""name"":""braixen"",""url"":""https://pokeapi.co/api/v2/pokemon/654/""},{""name"":""del'"
340,"b'phox"",""url"":""https://pokeapi.co/api/v2/pokemon/655/""},{""name"":""froakie"",""url"":""https://pokeapi.co/api/v2/pokemon/656/""},{""name"":'"
341,"b'""frogadier"",""url"":""https://pokeapi.co/api/v2/pokemon/657/""},{""name"":""greninja"",""url"":""https://pokeapi.co/api/v2/pokemon/658/""},{'"
342,"b'""name"":""bunnelby"",""url"":""https://pokeapi.co/api/v2/pokemon/659/""},{""name"":""diggersby"",""url"":""https://pokeapi.co/api/v2/pokemon/6'"
343,"b'60/""},{""name"":""fletchling"",""url"":""https://pokeapi.co/api/v2/pokemon/661/""},{""name"":""fletchinder"",""url"":""https://pokeapi.co/api/v'"
344,"b'2/pokemon/662/""},{""name"":""talonflame"",""url"":""https://pokeapi.co/api/v2/pokemon/663/""},{""name"":""scatterbug"",""url"":""https://pokeap'"
345,"b'i.co/api/v2/pokemon/664/""},{""name"":""spewpa"",""url"":""https://pokeapi.co/api/v2/pokemon/665/""},{""name"":""vivillon"",""url"":""https://po'"
346,"b'keapi.co/api/v2/pokemon/666/""},{""name"":""litleo"",""url"":""https://pokeapi.co/api/v2/pokemon/667/""},{""name"":""pyroar"",""url"":""https://'"
347,"b'pokeapi.co/api/v2/pokemon/668/""},{""name"":""flabebe"",""url"":""https://pokeapi.co/api/v2/pokemon/669/""},{""name"":""floette"",""url"":""http'"
348,"b's://pokeapi.co/api/v2/pokemon/670/""},{""name"":""florges"",""url"":""https://pokeapi.co/api/v2/pokemon/671/""},{""name"":""skiddo"",""url"":""h'"
349,"b'ttps://pokeapi.co/api/v2/pokemon/672/""},{""name"":""gogoat"",""url"":""https://pokeapi.co/api/v2/pokemon/673/""},{""name"":""pancham"",""url""'"
350,"b':""https://pokeapi.co/api/v2/pokemon/674/""},{""name"":""pangoro"",""url"":""https://pokeapi.co/api/v2/pokemon/675/""},{""name"":""furfrou"",""'"
351,"b'url"":""https://pokeapi.co/api/v2/pokemon/676/""},{""name"":""espurr"",""url"":""https://pokeapi.co/api/v2/pokemon/677/""},{""name"":""meowsti'"
352,"b'c-male"",""url"":""https://pokeapi.co/api/v2/pokemon/678/""},{""name"":""honedge"",""url"":""https://pokeapi.co/api/v2/pokemon/679/""},{""name'"
353,"b'"":""doublade"",""url"":""https://pokeapi.co/api/v2/pokemon/680/""},{""name"":""aegislash-shield"",""url"":""https://pokeapi.co/api/v2/pokemon'"
354,"b'/681/""},{""name"":""spritzee"",""url"":""https://pokeapi.co/api/v2/pokemon/682/""},{""name"":""aromatisse"",""url"":""https://pokeapi.co/api/v2'"
355,"b'/pokemon/683/""},{""name"":""swirlix"",""url"":""https://pokeapi.co/api/v2/pokemon/684/""},{""name"":""slurpuff"",""url"":""https://pokeapi.co/a'"
356,"b'pi/v2/pokemon/685/""},{""name"":""inkay"",""url"":""https://pokeapi.co/api/v2/pokemon/686/""},{""name"":""malamar"",""url"":""https://pokeapi.co'"
357,"b'/api/v2/pokemon/687/""},{""name"":""binacle"",""url"":""https://pokeapi.co/api/v2/pokemon/688/""},{""name"":""barbaracle"",""url"":""https://pok'"
358,"b'eapi.co/api/v2/pokemon/689/""},{""name"":""skrelp"",""url"":""https://pokeapi.co/api/v2/pokemon/690/""},{""name"":""dragalge"",""url"":""https:/'"
359,"b'/pokeapi.co/api/v2/pokemon/691/""},{""name"":""clauncher"",""url"":""https://pokeapi.co/api/v2/pokemon/692/""},{""name"":""clawitzer"",""url"":'"
360,"b'""https://pokeapi.co/api/v2/pokemon/693/""},{""name"":""helioptile"",""url"":""https://pokeapi.co/api/v2/pokemon/694/""},{""name"":""heliolis'"
361,"b'k"",""url"":""https://pokeapi.co/api/v2/pokemon/695/""},{""name"":""tyrunt"",""url"":""https://pokeapi.co/api/v2/pokemon/696/""},{""name"":""tyr'"
362,"b'antrum"",""url"":""https://pokeapi.co/api/v2/pokemon/697/""},{""name"":""amaura"",""url"":""https://pokeapi.co/api/v2/pokemon/698/""},{""name""'"
363,"b':""aurorus"",""url"":""https://pokeapi.co/api/v2/pokemon/699/""},{""name"":""sylveon"",""url"":""https://pokeapi.co/api/v2/pokemon/700/""},{""n'"
364,"b'ame"":""hawlucha"",""url"":""https://pokeapi.co/api/v2/pokemon/701/""},{""name"":""dedenne"",""url"":""https://pokeapi.co/api/v2/pokemon/702/""'"
365,"b'},{""name"":""carbink"",""url"":""https://pokeapi.co/api/v2/pokemon/703/""},{""name"":""goomy"",""url"":""https://pokeapi.co/api/v2/pokemon/704'"
366,"b'/""},{""name"":""sliggoo"",""url"":""https://pokeapi.co/api/v2/pokemon/705/""},{""name"":""goodra"",""url"":""https://pokeapi.co/api/v2/pokemon/'"
367,"b'706/""},{""name"":""klefki"",""url"":""https://pokeapi.co/api/v2/pokemon/707/""},{""name"":""phantump"",""url"":""https://pokeapi.co/api/v2/poke'"
368,"b'mon/708/""},{""name"":""trevenant"",""url"":""https://pokeapi.co/api/v2/pokemon/709/""},{""name"":""pumpkaboo-average"",""url"":""https://pokeap'"
369,"b'i.co/api/v2/pokemon/710/""},{""name"":""gourgeist-average"",""url"":""https://pokeapi.co/api/v2/pokemon/711/""},{""name"":""bergmite"",""url"":'"
370,"b'""https://pokeapi.co/api/v2/pokemon/712/""},{""name"":""avalugg"",""url"":""https://pokeapi.co/api/v2/pokemon/713/""},{""name"":""noibat"",""ur'"
371,"b'l"":""https://pokeapi.co/api/v2/pokemon/714/""},{""name"":""noivern"",""url"":""https://pokeapi.co/api/v2/pokemon/715/""},{""name"":""xerneas""'"
372,"b',""url"":""https://pokeapi.co/api/v2/pokemon/716/""},{""name"":""yveltal"",""url"":""https://pokeapi.co/api/v2/pokemon/717/""},{""name"":""zyga'"
373,"b'rde-50"",""url"":""https://pokeapi.co/api/v2/pokemon/718/""},{""name"":""diancie"",""url"":""https://pokeapi.co/api/v2/pokemon/719/""},{""name'"
374,"b'"":""hoopa"",""url"":""https://pokeapi.co/api/v2/pokemon/720/""},{""name"":""volcanion"",""url"":""https://pokeapi.co/api/v2/pokemon/721/""},{""'"
375,"b'name"":""rowlet"",""url"":""https://pokeapi.co/api/v2/pokemon/722/""},{""name"":""dartrix"",""url"":""https://pokeapi.co/api/v2/pokemon/723/""}'"
376,"b',{""name"":""decidueye"",""url"":""https://pokeapi.co/api/v2/pokemon/724/""},{""name"":""litten"",""url"":""https://pokeapi.co/api/v2/pokemon/7'"
377,"b'25/""},{""name"":""torracat"",""url"":""https://pokeapi.co/api/v2/pokemon/726/""},{""name"":""incineroar"",""url"":""https://pokeapi.co/api/v2/p'"
378,"b'okemon/727/""},{""name"":""popplio"",""url"":""https://pokeapi.co/api/v2/pokemon/728/""},{""name"":""brionne"",""url"":""https://pokeapi.co/api/'"
379,"b'v2/pokemon/729/""},{""name"":""primarina"",""url"":""https://pokeapi.co/api/v2/pokemon/730/""},{""name"":""pikipek"",""url"":""https://pokeapi.c'"
380,"b'o/api/v2/pokemon/731/""},{""name"":""trumbeak"",""url"":""https://pokeapi.co/api/v2/pokemon/732/""},{""name"":""toucannon"",""url"":""https://po'"
381,"b'keapi.co/api/v2/pokemon/733/""},{""name"":""yungoos"",""url"":""https://pokeapi.co/api/v2/pokemon/734/""},{""name"":""gumshoos"",""url"":""https'"
382,"b'://pokeapi.co/api/v2/pokemon/735/""},{""name"":""grubbin"",""url"":""https://pokeapi.co/api/v2/pokemon/736/""},{""name"":""charjabug"",""url"":'"
383,"b'""https://pokeapi.co/api/v2/pokemon/737/""},{""name"":""vikavolt"",""url"":""https://pokeapi.co/api/v2/pokemon/738/""},{""name"":""crabrawler'"
384,"b'"",""url"":""https://pokeapi.co/api/v2/pokemon/739/""},{""name"":""crabominable"",""url"":""https://pokeapi.co/api/v2/pokemon/740/""},{""name""'"
385,"b':""oricorio-baile"",""url"":""https://pokeapi.co/api/v2/pokemon/741/""},{""name"":""cutiefly"",""url"":""https://pokeapi.co/api/v2/pokemon/74'"
386,"b'2/""},{""name"":""ribombee"",""url"":""https://pokeapi.co/api/v2/pokemon/743/""},{""name"":""rockruff"",""url"":""https://pokeapi.co/api/v2/poke'"
387,"b'mon/744/""},{""name"":""lycanroc-midday"",""url"":""https://pokeapi.co/api/v2/pokemon/745/""},{""name"":""wishiwashi-solo"",""url"":""https://po'"
388,"b'keapi.co/api/v2/pokemon/746/""},{""name"":""mareanie"",""url"":""https://pokeapi.co/api/v2/pokemon/747/""},{""name"":""toxapex"",""url"":""https'"
389,"b'://pokeapi.co/api/v2/pokemon/748/""},{""name"":""mudbray"",""url"":""https://pokeapi.co/api/v2/pokemon/749/""},{""name"":""mudsdale"",""url"":""'"
390,"b'https://pokeapi.co/api/v2/pokemon/750/""},{""name"":""dewpider"",""url"":""https://pokeapi.co/api/v2/pokemon/751/""},{""name"":""araquanid"",'"
391,"b'""url"":""https://pokeapi.co/api/v2/pokemon/752/""},{""name"":""fomantis"",""url"":""https://pokeapi.co/api/v2/pokemon/753/""},{""name"":""lura'"
392,"b'ntis"",""url"":""https://pokeapi.co/api/v2/pokemon/754/""},{""name"":""morelull"",""url"":""https://pokeapi.co/api/v2/pokemon/755/""},{""name""'"
393,"b':""shiinotic"",""url"":""https://pokeapi.co/api/v2/pokemon/756/""},{""name"":""salandit"",""url"":""https://pokeapi.co/api/v2/pokemon/757/""},'"
394,"b'{""name"":""salazzle"",""url"":""https://pokeapi.co/api/v2/pokemon/758/""},{""name"":""stufful"",""url"":""https://pokeapi.co/api/v2/pokemon/75'"
395,"b'9/""},{""name"":""bewear"",""url"":""https://pokeapi.co/api/v2/pokemon/760/""},{""name"":""bounsweet"",""url"":""https://pokeapi.co/api/v2/pokem'"
396,"b'on/761/""},{""name"":""steenee"",""url"":""https://pokeapi.co/api/v2/pokemon/762/""},{""name"":""tsareena"",""url"":""https://pokeapi.co/api/v2/'"
397,"b'pokemon/763/""},{""name"":""comfey"",""url"":""https://pokeapi.co/api/v2/pokemon/764/""},{""name"":""oranguru"",""url"":""https://pokeapi.co/api'"
398,"b'/v2/pokemon/765/""},{""name"":""passimian"",""url"":""https://pokeapi.co/api/v2/pokemon/766/""},{""name"":""wimpod"",""url"":""https://pokeapi.c'"
399,"b'o/api/v2/pokemon/767/""},{""name"":""golisopod"",""url"":""https://pokeapi.co/api/v2/pokemon/768/""},{""name"":""sandygast"",""url"":""https://p'"
400,"b'okeapi.co/api/v2/pokemon/769/""},{""name"":""palossand"",""url"":""https://pokeapi.co/api/v2/pokemon/770/""},{""name"":""pyukumuku"",""url"":""h'"
401,"b'ttps://pokeapi.co/api/v2/pokemon/771/""},{""name"":""type-null"",""url"":""https://pokeapi.co/api/v2/pokemon/772/""},{""name"":""silvally"",""'"
402,"b'url"":""https://pokeapi.co/api/v2/pokemon/773/""},{""name"":""minior-red-meteor"",""url"":""https://pokeapi.co/api/v2/pokemon/774/""},{""nam'"
403,"b'e"":""komala"",""url"":""https://pokeapi.co/api/v2/pokemon/775/""},{""name"":""turtonator"",""url"":""https://pokeapi.co/api/v2/pokemon/776/""}'"
404,"b',{""name"":""togedemaru"",""url"":""https://pokeapi.co/api/v2/pokemon/777/""},{""name"":""mimikyu-disguised"",""url"":""https://pokeapi.co/api/'"
405,"b'v2/pokemon/778/""},{""name"":""bruxish"",""url"":""https://pokeapi.co/api/v2/pokemon/779/""},{""name"":""drampa"",""url"":""https://pokeapi.co/a'"
406,"b'pi/v2/pokemon/780/""},{""name"":""dhelmise"",""url"":""https://pokeapi.co/api/v2/pokemon/781/""},{""name"":""jangmo-o"",""url"":""https://pokeap'"
407,"b'i.co/api/v2/pokemon/782/""},{""name"":""hakamo-o"",""url"":""https://pokeapi.co/api/v2/pokemon/783/""},{""name"":""kommo-o"",""url"":""https://p'"
408,"b'okeapi.co/api/v2/pokemon/784/""},{""name"":""tapu-koko"",""url"":""https://pokeapi.co/api/v2/pokemon/785/""},{""name"":""tapu-lele"",""url"":""h'"
409,"b'ttps://pokeapi.co/api/v2/pokemon/786/""},{""name"":""tapu-bulu"",""url"":""https://pokeapi.co/api/v2/pokemon/787/""},{""name"":""tapu-fini"",'"
410,"b'""url"":""https://pokeapi.co/api/v2/pokemon/788/""},{""name"":""cosmog"",""url"":""https://pokeapi.co/api/v2/pokemon/789/""},{""name"":""cosmoe'"
411,"b'm"",""url"":""https://pokeapi.co/api/v2/pokemon/790/""},{""name"":""solgaleo"",""url"":""https://pokeapi.co/api/v2/pokemon/791/""},{""name"":""l'"
412,"b'unala"",""url"":""https://pokeapi.co/api/v2/pokemon/792/""},{""name"":""nihilego"",""url"":""https://pokeapi.co/api/v2/pokemon/793/""},{""name'"
413,"b'"":""buzzwole"",""url"":""https://pokeapi.co/api/v2/pokemon/794/""},{""name"":""pheromosa"",""url"":""https://pokeapi.co/api/v2/pokemon/795/""}'"
414,"b',{""name"":""xurkitree"",""url"":""https://pokeapi.co/api/v2/pokemon/796/""},{""name"":""celesteela"",""url"":""https://pokeapi.co/api/v2/pokem'"
415,"b'on/797/""},{""name"":""kartana"",""url"":""https://pokeapi.co/api/v2/pokemon/798/""},{""name"":""guzzlord"",""url"":""https://pokeapi.co/api/v2/'"
416,"b'pokemon/799/""},{""name"":""necrozma"",""url"":""https://pokeapi.co/api/v2/pokemon/800/""},{""name"":""magearna"",""url"":""https://pokeapi.co/a'"
417,"b'pi/v2/pokemon/801/""},{""name"":""marshadow"",""url"":""https://pokeapi.co/api/v2/pokemon/802/""},{""name"":""poipole"",""url"":""https://pokeap'"
418,"b'i.co/api/v2/pokemon/803/""},{""name"":""naganadel"",""url"":""https://pokeapi.co/api/v2/pokemon/804/""},{""name"":""stakataka"",""url"":""https:'"
419,"b'//pokeapi.co/api/v2/pokemon/805/""},{""name"":""blacephalon"",""url"":""https://pokeapi.co/api/v2/pokemon/806/""},{""name"":""zeraora"",""url""'"
420,"b':""https://pokeapi.co/api/v2/pokemon/807/""},{""name"":""meltan"",""url"":""https://pokeapi.co/api/v2/pokemon/808/""},{""name"":""melmetal"",""'"
421,"b'url"":""https://pokeapi.co/api/v2/pokemon/809/""},{""name"":""grookey"",""url"":""https://pokeapi.co/api/v2/pokemon/810/""},{""name"":""thwack'"
422,"b'ey"",""url"":""https://pokeapi.co/api/v2/pokemon/811/""},{""name"":""rillaboom"",""url"":""https://pokeapi.co/api/v2/pokemon/812/""},{""name"":'"
423,"b'""scorbunny"",""url"":""https://pokeapi.co/api/v2/pokemon/813/""},{""name"":""raboot"",""url"":""https://pokeapi.co/api/v2/pokemon/814/""},{""n'"
424,"b'ame"":""cinderace"",""url"":""https://pokeapi.co/api/v2/pokemon/815/""},{""name"":""sobble"",""url"":""https://pokeapi.co/api/v2/pokemon/816/""'"
425,"b'},{""name"":""drizzile"",""url"":""https://pokeapi.co/api/v2/pokemon/817/""},{""name"":""inteleon"",""url"":""https://pokeapi.co/api/v2/pokemon'"
426,"b'/818/""},{""name"":""skwovet"",""url"":""https://pokeapi.co/api/v2/pokemon/819/""},{""name"":""greedent"",""url"":""https://pokeapi.co/api/v2/po'"
427,"b'kemon/820/""},{""name"":""rookidee"",""url"":""https://pokeapi.co/api/v2/pokemon/821/""},{""name"":""corvisquire"",""url"":""https://pokeapi.co/'"
428,"b'api/v2/pokemon/822/""},{""name"":""corviknight"",""url"":""https://pokeapi.co/api/v2/pokemon/823/""},{""name"":""blipbug"",""url"":""https://pok'"
429,"b'eapi.co/api/v2/pokemon/824/""},{""name"":""dottler"",""url"":""https://pokeapi.co/api/v2/pokemon/825/""},{""name"":""orbeetle"",""url"":""https:'"
430,"b'//pokeapi.co/api/v2/pokemon/826/""},{""name"":""nickit"",""url"":""https://pokeapi.co/api/v2/pokemon/827/""},{""name"":""thievul"",""url"":""htt'"
431,"b'ps://pokeapi.co/api/v2/pokemon/828/""},{""name"":""gossifleur"",""url"":""https://pokeapi.co/api/v2/pokemon/829/""},{""name"":""eldegoss"",""u'"
432,"b'rl"":""https://pokeapi.co/api/v2/pokemon/830/""},{""name"":""wooloo"",""url"":""https://pokeapi.co/api/v2/pokemon/831/""},{""name"":""dubwool""'"
433,"b',""url"":""https://pokeapi.co/api/v2/pokemon/832/""},{""name"":""chewtle"",""url"":""https://pokeapi.co/api/v2/pokemon/833/""},{""name"":""dred'"
434,"b'naw"",""url"":""https://pokeapi.co/api/v2/pokemon/834/""},{""name"":""yamper"",""url"":""https://pokeapi.co/api/v2/pokemon/835/""},{""name"":""b'"
435,"b'oltund"",""url"":""https://pokeapi.co/api/v2/pokemon/836/""},{""name"":""rolycoly"",""url"":""https://pokeapi.co/api/v2/pokemon/837/""},{""nam'"
436,"b'e"":""carkol"",""url"":""https://pokeapi.co/api/v2/pokemon/838/""},{""name"":""coalossal"",""url"":""https://pokeapi.co/api/v2/pokemon/839/""},'"
437,"b'{""name"":""applin"",""url"":""https://pokeapi.co/api/v2/pokemon/840/""},{""name"":""flapple"",""url"":""https://pokeapi.co/api/v2/pokemon/841/'"
438,"b'""},{""name"":""appletun"",""url"":""https://pokeapi.co/api/v2/pokemon/842/""},{""name"":""silicobra"",""url"":""https://pokeapi.co/api/v2/pokem'"
439,"b'on/843/""},{""name"":""sandaconda"",""url"":""https://pokeapi.co/api/v2/pokemon/844/""},{""name"":""cramorant"",""url"":""https://pokeapi.co/api'"
440,"b'/v2/pokemon/845/""},{""name"":""arrokuda"",""url"":""https://pokeapi.co/api/v2/pokemon/846/""},{""name"":""barraskewda"",""url"":""https://pokea'"
441,"b'pi.co/api/v2/pokemon/847/""},{""name"":""toxel"",""url"":""https://pokeapi.co/api/v2/pokemon/848/""},{""name"":""toxtricity-amped"",""url"":""ht'"
442,"b'tps://pokeapi.co/api/v2/pokemon/849/""},{""name"":""sizzlipede"",""url"":""https://pokeapi.co/api/v2/pokemon/850/""},{""name"":""centiskorch'"
443,"b'"",""url"":""https://pokeapi.co/api/v2/pokemon/851/""},{""name"":""clobbopus"",""url"":""https://pokeapi.co/api/v2/pokemon/852/""},{""name"":""g'"
444,"b'rapploct"",""url"":""https://pokeapi.co/api/v2/pokemon/853/""},{""name"":""sinistea"",""url"":""https://pokeapi.co/api/v2/pokemon/854/""},{""n'"
445,"b'ame"":""polteageist"",""url"":""https://pokeapi.co/api/v2/pokemon/855/""},{""name"":""hatenna"",""url"":""https://pokeapi.co/api/v2/pokemon/85'"
446,"b'6/""},{""name"":""hattrem"",""url"":""https://pokeapi.co/api/v2/pokemon/857/""},{""name"":""hatterene"",""url"":""https://pokeapi.co/api/v2/poke'"
447,"b'mon/858/""},{""name"":""impidimp"",""url"":""https://pokeapi.co/api/v2/pokemon/859/""},{""name"":""morgrem"",""url"":""https://pokeapi.co/api/v2'"
448,"b'/pokemon/860/""},{""name"":""grimmsnarl"",""url"":""https://pokeapi.co/api/v2/pokemon/861/""},{""name"":""obstagoon"",""url"":""https://pokeapi.'"
449,"b'co/api/v2/pokemon/862/""},{""name"":""perrserker"",""url"":""https://pokeapi.co/api/v2/pokemon/863/""},{""name"":""cursola"",""url"":""https://p'"
450,"b'okeapi.co/api/v2/pokemon/864/""},{""name"":""sirfetchd"",""url"":""https://pokeapi.co/api/v2/pokemon/865/""},{""name"":""mr-rime"",""url"":""htt'"
451,"b'ps://pokeapi.co/api/v2/pokemon/866/""},{""name"":""runerigus"",""url"":""https://pokeapi.co/api/v2/pokemon/867/""},{""name"":""milcery"",""url'"
452,"b'"":""https://pokeapi.co/api/v2/pokemon/868/""},{""name"":""alcremie"",""url"":""https://pokeapi.co/api/v2/pokemon/869/""},{""name"":""falinks""'"
453,"b',""url"":""https://pokeapi.co/api/v2/pokemon/870/""},{""name"":""pincurchin"",""url"":""https://pokeapi.co/api/v2/pokemon/871/""},{""name"":""s'"
454,"b'nom"",""url"":""https://pokeapi.co/api/v2/pokemon/872/""},{""name"":""frosmoth"",""url"":""https://pokeapi.co/api/v2/pokemon/873/""},{""name"":'"
455,"b'""stonjourner"",""url"":""https://pokeapi.co/api/v2/pokemon/874/""},{""name"":""eiscue-ice"",""url"":""https://pokeapi.co/api/v2/pokemon/875/'"
456,"b'""},{""name"":""indeedee-male"",""url"":""https://pokeapi.co/api/v2/pokemon/876/""},{""name"":""morpeko-full-belly"",""url"":""https://pokeapi.c'"
457,"b'o/api/v2/pokemon/877/""},{""name"":""cufant"",""url"":""https://pokeapi.co/api/v2/pokemon/878/""},{""name"":""copperajah"",""url"":""https://pok'"
458,"b'eapi.co/api/v2/pokemon/879/""},{""name"":""dracozolt"",""url"":""https://pokeapi.co/api/v2/pokemon/880/""},{""name"":""arctozolt"",""url"":""htt'"
459,"b'ps://pokeapi.co/api/v2/pokemon/881/""},{""name"":""dracovish"",""url"":""https://pokeapi.co/api/v2/pokemon/882/""},{""name"":""arctovish"",""u'"
460,"b'rl"":""https://pokeapi.co/api/v2/pokemon/883/""},{""name"":""duraludon"",""url"":""https://pokeapi.co/api/v2/pokemon/884/""},{""name"":""dreep'"
461,"b'y"",""url"":""https://pokeapi.co/api/v2/pokemon/885/""},{""name"":""drakloak"",""url"":""https://pokeapi.co/api/v2/pokemon/886/""},{""name"":""d'"
462,"b'ragapult"",""url"":""https://pokeapi.co/api/v2/pokemon/887/""},{""name"":""zacian"",""url"":""https://pokeapi.co/api/v2/pokemon/888/""},{""nam'"
463,"b'e"":""zamazenta"",""url"":""https://pokeapi.co/api/v2/pokemon/889/""},{""name"":""eternatus"",""url"":""https://pokeapi.co/api/v2/pokemon/890/'"
464,"b'""},{""name"":""kubfu"",""url"":""https://pokeapi.co/api/v2/pokemon/891/""},{""name"":""urshifu-single-strike"",""url"":""https://pokeapi.co/api'"
465,"b'/v2/pokemon/892/""},{""name"":""zarude"",""url"":""https://pokeapi.co/api/v2/pokemon/893/""},{""name"":""regieleki"",""url"":""https://pokeapi.c'"
466,"b'o/api/v2/pokemon/894/""},{""name"":""regidrago"",""url"":""https://pokeapi.co/api/v2/pokemon/895/""},{""name"":""glastrier"",""url"":""https://p'"
467,"b'okeapi.co/api/v2/pokemon/896/""},{""name"":""spectrier"",""url"":""https://pokeapi.co/api/v2/pokemon/897/""},{""name"":""calyrex"",""url"":""htt'"
468,"b'ps://pokeapi.co/api/v2/pokemon/898/""},{""name"":""wyrdeer"",""url"":""https://pokeapi.co/api/v2/pokemon/899/""},{""name"":""kleavor"",""url"":'"
469,"b'""https://pokeapi.co/api/v2/pokemon/900/""},{""name"":""ursaluna"",""url"":""https://pokeapi.co/api/v2/pokemon/901/""},{""name"":""basculegio'"
470,"b'n-male"",""url"":""https://pokeapi.co/api/v2/pokemon/902/""},{""name"":""sneasler"",""url"":""https://pokeapi.co/api/v2/pokemon/903/""},{""nam'"
471,"b'e"":""overqwil"",""url"":""https://pokeapi.co/api/v2/pokemon/904/""},{""name"":""enamorus-incarnate"",""url"":""https://pokeapi.co/api/v2/poke'"
472,"b'mon/905/""},{""name"":""sprigatito"",""url"":""https://pokeapi.co/api/v2/pokemon/906/""},{""name"":""floragato"",""url"":""https://pokeapi.co/ap'"
473,"b'i/v2/pokemon/907/""},{""name"":""meowscarada"",""url"":""https://pokeapi.co/api/v2/pokemon/908/""},{""name"":""fuecoco"",""url"":""https://pokea'"
474,"b'pi.co/api/v2/pokemon/909/""},{""name"":""crocalor"",""url"":""https://pokeapi.co/api/v2/pokemon/910/""},{""name"":""skeledirge"",""url"":""https'"
475,"b'://pokeapi.co/api/v2/pokemon/911/""},{""name"":""quaxly"",""url"":""https://pokeapi.co/api/v2/pokemon/912/""},{""name"":""quaxwell"",""url"":""h'"
476,"b'ttps://pokeapi.co/api/v2/pokemon/913/""},{""name"":""quaquaval"",""url"":""https://pokeapi.co/api/v2/pokemon/914/""},{""name"":""lechonk"",""u'"
477,"b'rl"":""https://pokeapi.co/api/v2/pokemon/915/""},{""name"":""oinkologne"",""url"":""https://pokeapi.co/api/v2/pokemon/916/""},{""name"":""taro'"
478,"b'untula"",""url"":""https://pokeapi.co/api/v2/pokemon/917/""},{""name"":""spidops"",""url"":""https://pokeapi.co/api/v2/pokemon/918/""},{""name'"
479,"b'"":""nymble"",""url"":""https://pokeapi.co/api/v2/pokemon/919/""},{""name"":""lokix"",""url"":""https://pokeapi.co/api/v2/pokemon/920/""},{""nam'"
480,"b'e"":""pawmi"",""url"":""https://pokeapi.co/api/v2/pokemon/921/""},{""name"":""pawmo"",""url"":""https://pokeapi.co/api/v2/pokemon/922/""},{""nam'"
481,"b'e"":""pawmot"",""url"":""https://pokeapi.co/api/v2/pokemon/923/""},{""name"":""tandemaus"",""url"":""https://pokeapi.co/api/v2/pokemon/924/""},'"
482,"b'{""name"":""maushold"",""url"":""https://pokeapi.co/api/v2/pokemon/925/""},{""name"":""fidough"",""url"":""https://pokeapi.co/api/v2/pokemon/92'"
483,"b'6/""},{""name"":""dachsbun"",""url"":""https://pokeapi.co/api/v2/pokemon/927/""},{""name"":""smoliv"",""url"":""https://pokeapi.co/api/v2/pokemo'"
484,"b'n/928/""},{""name"":""dolliv"",""url"":""https://pokeapi.co/api/v2/pokemon/929/""},{""name"":""arboliva"",""url"":""https://pokeapi.co/api/v2/po'"
485,"b'kemon/930/""},{""name"":""squawkabilly"",""url"":""https://pokeapi.co/api/v2/pokemon/931/""},{""name"":""nacli"",""url"":""https://pokeapi.co/ap'"
486,"b'i/v2/pokemon/932/""},{""name"":""naclstack"",""url"":""https://pokeapi.co/api/v2/pokemon/933/""},{""name"":""garganacl"",""url"":""https://pokea'"
487,"b'pi.co/api/v2/pokemon/934/""},{""name"":""charcadet"",""url"":""https://pokeapi.co/api/v2/pokemon/935/""},{""name"":""armarouge"",""url"":""https'"
488,"b'://pokeapi.co/api/v2/pokemon/936/""},{""name"":""ceruledge"",""url"":""https://pokeapi.co/api/v2/pokemon/937/""},{""name"":""tadbulb"",""url"":'"
489,"b'""https://pokeapi.co/api/v2/pokemon/938/""},{""name"":""bellibolt"",""url"":""https://pokeapi.co/api/v2/pokemon/939/""},{""name"":""wattrel"",'"
490,"b'""url"":""https://pokeapi.co/api/v2/pokemon/940/""},{""name"":""kilowattrel"",""url"":""https://pokeapi.co/api/v2/pokemon/941/""},{""name"":""m'"
491,"b'aschiff"",""url"":""https://pokeapi.co/api/v2/pokemon/942/""},{""name"":""mabosstiff"",""url"":""https://pokeapi.co/api/v2/pokemon/943/""},{""'"
492,"b'name"":""shroodle"",""url"":""https://pokeapi.co/api/v2/pokemon/944/""},{""name"":""grafaiai"",""url"":""https://pokeapi.co/api/v2/pokemon/945'"
493,"b'/""},{""name"":""bramblin"",""url"":""https://pokeapi.co/api/v2/pokemon/946/""},{""name"":""brambleghast"",""url"":""https://pokeapi.co/api/v2/p'"
494,"b'okemon/947/""},{""name"":""toedscool"",""url"":""https://pokeapi.co/api/v2/pokemon/948/""},{""name"":""toedscruel"",""url"":""https://pokeapi.co'"
495,"b'/api/v2/pokemon/949/""},{""name"":""klawf"",""url"":""https://pokeapi.co/api/v2/pokemon/950/""},{""name"":""capsakid"",""url"":""https://pokeapi'"
496,"b'.co/api/v2/pokemon/951/""},{""name"":""scovillain"",""url"":""https://pokeapi.co/api/v2/pokemon/952/""},{""name"":""rellor"",""url"":""https://p'"
497,"b'okeapi.co/api/v2/pokemon/953/""},{""name"":""rabsca"",""url"":""https://pokeapi.co/api/v2/pokemon/954/""},{""name"":""flittle"",""url"":""https:'"
498,"b'//pokeapi.co/api/v2/pokemon/955/""},{""name"":""espathra"",""url"":""https://pokeapi.co/api/v2/pokemon/956/""},{""name"":""tinkatink"",""url"":'"
499,"b'""https://pokeapi.co/api/v2/pokemon/957/""},{""name"":""tinkatuff"",""url"":""https://pokeapi.co/api/v2/pokemon/958/""},{""name"":""tinkaton""'"
500,"b',""url"":""https://pokeapi.co/api/v2/pokemon/959/""},{""name"":""wiglett"",""url"":""https://pokeapi.co/api/v2/pokemon/960/""},{""name"":""wugt'"
501,"b'rio"",""url"":""https://pokeapi.co/api/v2/pokemon/961/""},{""name"":""bombirdier"",""url"":""https://pokeapi.co/api/v2/pokemon/962/""},{""name'"
502,"b'"":""finizen"",""url"":""https://pokeapi.co/api/v2/pokemon/963/""},{""name"":""palafin"",""url"":""https://pokeapi.co/api/v2/pokemon/964/""},{""'"
503,"b'name"":""varoom"",""url"":""https://pokeapi.co/api/v2/pokemon/965/""},{""name"":""revavroom"",""url"":""https://pokeapi.co/api/v2/pokemon/966/'"
504,"b'""},{""name"":""cyclizar"",""url"":""https://pokeapi.co/api/v2/pokemon/967/""},{""name"":""orthworm"",""url"":""https://pokeapi.co/api/v2/pokemo'"
505,"b'n/968/""},{""name"":""glimmet"",""url"":""https://pokeapi.co/api/v2/pokemon/969/""},{""name"":""glimmora"",""url"":""https://pokeapi.co/api/v2/p'"
506,"b'okemon/970/""},{""name"":""greavard"",""url"":""https://pokeapi.co/api/v2/pokemon/971/""},{""name"":""houndstone"",""url"":""https://pokeapi.co/'"
507,"b'api/v2/pokemon/972/""},{""name"":""flamigo"",""url"":""https://pokeapi.co/api/v2/pokemon/973/""},{""name"":""cetoddle"",""url"":""https://pokeap'"
508,"b'i.co/api/v2/pokemon/974/""},{""name"":""cetitan"",""url"":""https://pokeapi.co/api/v2/pokemon/975/""},{""name"":""veluza"",""url"":""https://pok'"
509,"b'eapi.co/api/v2/pokemon/976/""},{""name"":""dondozo"",""url"":""https://pokeapi.co/api/v2/pokemon/977/""},{""name"":""tatsugiri"",""url"":""https'"
510,"b'://pokeapi.co/api/v2/pokemon/978/""},{""name"":""annihilape"",""url"":""https://pokeapi.co/api/v2/pokemon/979/""},{""name"":""clodsire"",""url'"
511,"b'"":""https://pokeapi.co/api/v2/pokemon/980/""},{""name"":""farigiraf"",""url"":""https://pokeapi.co/api/v2/pokemon/981/""},{""name"":""dudunsp'"
512,"b'arce"",""url"":""https://pokeapi.co/api/v2/pokemon/982/""},{""name"":""kingambit"",""url"":""https://pokeapi.co/api/v2/pokemon/983/""},{""name'"
513,"b'"":""great-tusk"",""url"":""https://pokeapi.co/api/v2/pokemon/984/""},{""name"":""scream-tail"",""url"":""https://pokeapi.co/api/v2/pokemon/98'"
514,"b'5/""},{""name"":""brute-bonnet"",""url"":""https://pokeapi.co/api/v2/pokemon/986/""},{""name"":""flutter-mane"",""url"":""https://pokeapi.co/api'"
515,"b'/v2/pokemon/987/""},{""name"":""slither-wing"",""url"":""https://pokeapi.co/api/v2/pokemon/988/""},{""name"":""sandy-shocks"",""url"":""https://'"
516,"b'pokeapi.co/api/v2/pokemon/989/""},{""name"":""iron-treads"",""url"":""https://pokeapi.co/api/v2/pokemon/990/""},{""name"":""iron-bundle"",""ur'"
517,"b'l"":""https://pokeapi.co/api/v2/pokemon/991/""},{""name"":""iron-hands"",""url"":""https://pokeapi.co/api/v2/pokemon/992/""},{""name"":""iron-'"
518,"b'jugulis"",""url"":""https://pokeapi.co/api/v2/pokemon/993/""},{""name"":""iron-moth"",""url"":""https://pokeapi.co/api/v2/pokemon/994/""},{""n'"
519,"b'ame"":""iron-thorns"",""url"":""https://pokeapi.co/api/v2/pokemon/995/""},{""name"":""frigibax"",""url"":""https://pokeapi.co/api/v2/pokemon/9'"
520,"b'96/""},{""name"":""arctibax"",""url"":""https://pokeapi.co/api/v2/pokemon/997/""},{""name"":""baxcalibur"",""url"":""https://pokeapi.co/api/v2/p'"
521,"b'okemon/998/""},{""name"":""gimmighoul"",""url"":""https://pokeapi.co/api/v2/pokemon/999/""},{""name"":""gholdengo"",""url"":""https://pokeapi.co'"
522,"b'/api/v2/pokemon/1000/""}]}'"
